DATE    ,OPEN  ,LOW   ,HI    
20161208,772.48,767.23,778.18
20161207,761,755.8,771.36
20161206,764.73,757.34,768.83
20161205,757.71,752.9,763.9
20161202,744.59,743.1,754
20161201,757.44,737.02,759.85
20161130,770.07,754.83,772.99
20161129,771.53,768.24,778.5
20161128,760,759.8,779.53
20161125,764.26,760.52,765
20161123,767.73,755.25,768.28
20161122,772.63,767,776.96
20161121,762.61,760.6,769.7
20161118,771.37,760,775
20161117,766.92,764.23,772.7
20161116,755.2,750.51,766.36
20161115,746.97,746.97,764.42
20161114,755.6,727.54,757.85
20161111,756.54,750.38,760.78
20161110,791.17,752.18,791.17
20161109,779.94,771.67,791.23
20161108,783.4,780.19,795.63
20161107,774.5,772.55,785.19
20161104,750.66,750.56,770.36
20161103,767.25,759.03,769.95
20161102,778.2,763.45,781.65
20161101,782.89,775.54,789.49
20161031,795.47,784,796.86
20161028,808.35,793.59,815.49
20161027,801,791.5,803.49
20161026,806.34,796.32,806.98
20161025,816.68,805.14,816.68
20161024,804.9,804.82,815.18
20161021,795,794,799.5
20161020,803.3,796.03,803.97
20161019,798.86,797.64,804.63
20161018,787.85,785.56,801.61
20161017,779.8,777.5,785.85
20161014,781.65,776,783.95
20161013,781.22,773,781.22
20161012,783.76,782.06,788.13
20161011,786.66,780.58,792.28
20161010,777.71,775.87,789.38
20161007,779.66,770.75,779.66
20161006,779,775.54,780.48
20161005,779.31,775.65,782.07
20161004,776.03,772.89,778.71
20161003,774.25,769.5,776.06
20160930,776.33,774.09,780.94
20160929,781.44,774.23,785.8
20160928,777.85,774.97,781.81
20160927,775.5,774.31,785.99
20160926,782.74,773.07,782.74
20160923,786.59,784.15,788.93
20160922,780,778.44,789.85
20160921,772.66,768.3,777.16
20160920,769,768.53,773.33
20160919,772.42,764.44,774
20160916,769.75,764.66,769.75
20160915,762.89,759.96,773.8
20160914,759.61,759.11,767.68
20160913,764.48,755.8,766.22
20160912,755.13,754,770.29
20160909,770.1,759.66,773.24
20160908,778.59,773.58,780.35
20160907,780,776.2,782.73
20160906,773.45,771,782
20160902,773.01,768.41,773.92
20160901,769.25,764.3,771.02
20160831,767.01,765.38,769.09
20160830,769.33,766.84,774.47
20160829,768.74,766.62,774.99
20160826,769,765.85,776.08
20160825,767,763.18,771.89
20160824,770.58,767.07,774.5
20160823,775.48,771.78,776.44
20160822,773.27,770.05,774.54
20160819,775,773.13,777.1
20160818,780.01,777,782.86
20160817,777.32,773.53,780.81
20160816,780.3,773.44,780.98
20160815,783.75,780.11,787.49
20160812,781.5,780.4,783.4
20160811,785,782.97,789.75
20160810,783.75,782.78,786.81
20160809,781.1,780.57,788.94
20160808,782,778.09,782.63
20160805,773.78,772.34,783.04
20160804,772.22,768.8,774.07
20160803,767.18,766.82,773.21
20160802,768.69,767.85,775.84
20160801,761.09,761.09,780.43
20160729,772.71,766.77,778.55
20160728,747.04,739.3,748.65
20160727,738.28,737,744.46
20160726,739.04,734.27,741.69
20160725,740.67,737.5,742.61
20160722,741.86,736.56,743.24
20160721,740.36,735.83,741.69
20160720,737.33,737.1,742.13
20160719,729.89,729,736.99
20160718,722.71,721.19,736.13
20160715,725.73,719.06,725.74
20160714,721.58,718.03,722.21
20160713,723.62,716.85,724
20160712,719.12,715.91,722.94
20160711,708.05,707.24,716.51
20160708,699.5,696.44,705.71
20160707,698.08,688.22,698.2
20160706,689.98,689.09,701.68
20160705,696.06,688.88,696.94
20160701,692.2,692.13,700.65
20160630,685.47,683.65,692.32
20160629,683,681.41,687.43
20160628,678.97,673,680.33
20160627,671,663.28,672.3
20160624,675.17,673.45,689.4
20160623,697.45,687,701.95
20160622,699.06,693.08,700.86
20160621,698.4,692.01,702.77
20160620,698.77,693.41,702.48
20160617,708.65,688.45,708.82
20160616,714.91,703.26,716.65
20160615,719,717.31,722.98
20160614,716.48,713.12,722.47
20160613,716.51,716.51,725.44
20160610,719.47,716.43,725.89
20160609,722.87,722.34,729.54
20160608,723.96,720.58,728.57
20160607,719.84,716.55,721.98
20160606,724.91,714.61,724.91
20160603,729.27,720.56,729.49
20160602,732.5,724.17,733.02
20160601,734.53,730.66,737.21
20160531,731.74,731.26,739.73
20160527,724.01,724,733.94
20160526,722.87,720.28,728.33
20160525,720.76,719.7,727.51
20160524,706.86,706.86,720.97
20160523,706.53,704.18,711.48
20160520,701.62,700.52,714.58
20160519,702.36,696.8,706
20160518,703.67,700.63,711.6
20160517,715.99,704.11,721.52
20160516,709.13,705.65,718.48
20160513,711.93,709.26,716.66
20160512,717.06,709,719.25
20160511,723.41,712.8,724.48
20160510,716.75,715.72,723.5
20160509,712,710,718.71
20160506,698.38,698.11,711.86
20160505,697.7,695.72,702.32
20160504,690.49,689.01,699.75
20160503,696.87,692,697.84
20160502,697.63,691,700.64
20160429,690.7,689,697.62
20160428,708.26,689.55,714.17
20160427,707.29,692.37,708.98
20160426,725.42,703.03,725.77
20160425,716.1,715.59,723.93
20160422,726.3,713.61,736.12
20160421,755.38,749.55,760.45
20160420,758,750.01,758.13
20160419,769.51,749.33,769.9
20160418,760.46,757.3,768.05
20160415,753.98,752.69,761
20160414,754.01,752.7,757.31
20160413,749.16,744.26,754.38
20160412,738,731.01,743.83
20160411,743.02,736.05,745
20160408,743.97,735.55,745.45
20160407,745.37,736.28,747
20160406,735.77,735.56,746.24
20160405,738,735.37,742.8
20160404,750.06,742.43,752.8
20160401,738.6,737,750.34
20160331,749.25,740.94,750.85
20160330,750.1,748.74,757.88
20160329,734.59,728.76,747.25
20160328,736.79,732.5,738.99
20160324,732.01,731,737.75
20160323,742.36,736.15,745.72
20160322,737.46,737.46,745
20160321,736.5,733.52,742.5
20160318,741.86,731.83,742
20160317,736.45,736,743.07
20160316,726.37,724.51,737.47
20160315,726.92,724.77,732.29
20160314,726.81,725.15,735.5
20160311,720,717.12,726.92
20160310,708.12,703.36,716.44
20160309,698.47,694,705.68
20160308,688.59,685.34,703.79
20160307,706.9,686.9,708.09
20160304,714.99,706.02,716.49
20160303,718.68,706.02,719.45
20160302,719,712,720
20160301,703.62,699.77,718.81
20160229,700.32,697.68,710.89
20160226,708.58,700.86,713.43
20160225,700.01,690.58,705.98
20160224,688.92,680.78,700
20160223,701.45,693.58,708.4
20160222,707.45,702.51,713.24
20160219,695.03,694.05,703.08
20160218,710,696.03,712.35
20160217,699,691.38,709.75
20160216,692.98,685.05,698
20160212,690.26,678.6,693.75
20160211,675,668.87,689.35
20160210,686.86,682.13,701.31
20160209,672.32,668.77,699.9
20160208,667.85,663.06,684.03
20160205,703.87,680.15,703.99
20160204,722.81,701.86,727
20160203,770.22,720.5,774.5
20160202,784.5,764.65,789.87
20160201,750.46,743.27,757.86
20160129,731.53,726.8,744.99
20160128,722.22,712.35,733.69
20160127,713.67,694.39,718.24
20160126,713.85,706.48,718.28
20160125,723.58,710.01,729.68
20160122,723.6,720.12,728.13
20160121,702.18,694.46,719.19
20160120,688.61,673.26,706.85
20160119,703.3,693.41,709.98
20160115,692.29,685.37,706.74
20160114,705.38,689.1,721.92
20160113,730.85,698.61,734.74
20160112,721.68,717.32,728.75
20160111,716.61,703.54,718.86
20160108,731.45,713,733.23
20160107,730.31,719.06,738.5
20160106,730,728.92,747.18
20160105,746.45,738.64,752
20160104,743,731.26,744.06
20151231,769.5,758.34,769.5
20151230,776.6,766.9,777.6
20151229,766.69,766.43,779.98
20151228,752.92,749.52,762.99
20151224,749.55,746.62,751.35
20151223,753.47,744,754.21
20151222,751.65,745.53,754.85
20151221,746.13,740,750
20151218,746.51,738.15,754.13
20151217,762.42,749,762.68
20151216,750,739.44,760.59
20151215,753,743.01,758.08
20151214,741.79,724.17,748.73
20151211,741.16,736.75,745.71
20151210,752.85,743.83,755.85
20151209,759.17,737,764.23
20151208,757.89,754.2,764.8
20151207,767.77,755.09,768.73
20151204,753.1,750,768.49
20151203,766.01,745.63,769
20151202,768.9,758.96,775.96
20151201,747.11,746.7,768.95
20151130,748.81,741.27,754.93
20151127,748.46,747.49,753.41
20151125,748.14,746.06,752
20151124,752,737.63,755.28
20151123,757.45,751.82,762.71
20151120,746.53,743,757.92
20151119,738.74,737.43,742
20151118,727.58,727,741.41
20151117,729.29,723.03,731.84
20151116,715.6,711.33,729.49
20151113,729.17,716.73,731.15
20151112,731,728.64,737.8
20151111,732.46,730.23,741
20151110,724.4,718.5,730.59
20151109,730.2,719.43,734.71
20151106,731.5,727.01,735.41
20151105,729.47,729.47,739.48
20151104,722,721.9,733.1
20151103,718.86,714.72,724.65
20151102,711.06,705.85,721.62
20151030,715.73,710.05,718
20151029,710.5,710.01,718.26
20151028,707.33,703.08,712.98
20151027,707.38,704.55,713.62
20151026,701.55,701.26,719.15
20151023,727.5,701.5,730
20151022,646.7,644.01,657.8
20151021,654.15,641.73,655.87
20151020,664.04,644.2,664.72
20151019,661.18,659.58,666.82
20151016,664.11,657.2,664.97
20151015,654.66,654.46,663.13
20151014,653.21,648.85,659.39
20151013,643.15,643.15,657.81
20151012,642.09,639.01,648.5
20151009,640,635.32,645.99
20151008,641.36,625.56,644.45
20151007,649.24,632.15,650.61
20151006,638.84,636.53,649.25
20151005,632,627,643.01
20151002,607.2,603.13,627.34
20151001,608.37,599.85,612.09
20150930,603.28,600.73,608.76
20150929,597.28,590.22,605
20150928,610.34,589.38,614.6
20150925,629.77,611,629.77
20150924,616.64,612.4,627.32
20150923,622.05,620,628.93
20150922,627,615.43,627.55
20150921,634.4,625.94,636.49
20150918,636.79,627.02,640
20150917,637.79,635.02,650.9
20150916,635.47,632.32,637.95
20150915,626.7,623.78,638.7
20150914,625.7,619.43,625.86
20150911,619.75,617.42,625.78
20150910,613.1,611.43,624.16
20150909,621.22,609.6,626.52
20150908,612.49,604.12,616.31
20150904,600,595.25,603.47
20150903,617,602.82,619.71
20150902,605.59,599.71,614.34
20150901,602.36,594.1,612.86
20150831,627.54,617.68,635.8
20150828,632.82,624.56,636.88
20150827,639.4,622,643.59
20150826,610.35,599.05,631.71
20150825,614.91,581.11,617.45
20150824,573,565.05,614
20150821,639.78,612.33,640.05
20150820,655.46,642.9,662.99
20150819,656.6,654.19,667
20150818,661.9,653.46,664
20150817,656.8,651.24,661.38
20150814,655.01,652.66,659.86
20150813,659.32,651.66,664.5
20150812,663.08,652.29,665
20150811,669.2,654.27,674.9
20150810,639.48,631.25,643.44
20150807,640.23,629.71,642.68
20150806,645,632.25,645.38
20150805,634.33,633.16,647.86
20150804,628.42,627.16,634.81
20150803,625.34,625.34,633.06
20150731,631.38,625.5,632.91
20150730,630,622.05,635.22
20150729,628.8,622.65,633.36
20150728,632.83,623.31,632.83
20150727,621,620.5,634.3
20150724,647,622.52,648.17
20150723,661.27,641,663.63
20150722,660.89,659,678.64
20150721,655.21,654.3,673
20150720,659.24,653.01,668.88
20150717,649,645,674.47
20150716,565.12,565,580.68
20150715,560.13,556.79,566.5
20150714,546.76,546.71,565.85
20150713,532.88,532.4,547.11
20150710,526.29,525.55,532.56
20150709,523.12,520.35,523.77
20150708,521.05,516.11,522.73
20150707,523.13,515.18,526.18
20150706,519.5,519,525.25
20150702,521.08,521.08,524.65
20150701,524.73,518.23,525.69
20150630,526.02,520.5,526.25
20150629,525.01,520.54,528.61
20150626,537.26,531.35,537.76
20150625,538.87,535.23,540.9
20150624,540,535.66,540
20150623,539.64,535.25,541.5
20150622,539.59,537.53,543.74
20150619,537.21,533.01,538.25
20150618,531,530.79,538.15
20150617,529.37,525.1,530.98
20150616,528.4,525.56,529.64
20150615,528,524,528.3
20150612,531.6,530.16,533.12
20150611,538.42,533.02,538.98
20150610,529.36,529.35,538.36
20150609,527.56,523.01,529.2
20150608,533.31,526.24,534.12
20150605,536.35,532.52,537.2
20150604,537.76,534.32,540.59
20150603,539.91,537.11,543.5
20150602,532.93,531.33,543
20150601,536.79,529.76,536.79
20150529,537.37,531.45,538.63
20150528,538.01,536.25,540.61
20150527,532.8,531.71,540.55
20150526,538.12,529.88,539
20150522,540.15,539.51,544.19
20150521,537.95,535.98,543.84
20150520,538.49,532.97,542.92
20150519,533.98,533.04,540.66
20150518,532.01,528.85,534.82
20150515,539.18,530.38,539.27
20150514,533.77,532.41,539
20150513,530.56,528.66,534.32
20150512,531.6,525.26,533.21
20150511,538.37,535.4,541.98
20150508,536.65,536,541.15
20150507,523.99,521.75,533.46
20150506,531.24,521.08,532.38
20150505,538.21,530.39,539.74
20150504,538.53,535.06,544.07
20150501,538.43,532.1,539.54
20150430,547.87,535.05,548.59
20150429,550.47,546.9,553.68
20150428,554.64,550.37,556.02
20150427,563.39,553.2,565.95
20150424,566.1,557.25,571.14
20150423,541,540.23,550.96
20150422,534.4,531.75,541.08
20150421,537.51,533.68,539.39
20150420,525.6,524.5,536.09
20150417,528.66,521.01,529.84
20150416,529.9,529.61,535.59
20150415,528.7,523.22,534.73
20150414,536.25,528.09,537.57
20150413,538.41,537.31,544.06
20150410,542.29,537.31,542.29
20150409,541.03,535.49,541.95
20150408,538.38,538.38,543.85
20150407,538.08,536,542.69
20150406,532.22,529.57,538.41
20150402,540.85,533.85,540.85
20150401,548.6,539.5,551.14
20150331,550,546.72,554.71
20150330,551.62,548.17,553.47
20150327,553,548.13,555.28
20150326,557.59,550.65,558.9
20150325,570.5,558.74,572.26
20150324,562.56,561.21,574.59
20150323,560.43,555.83,562.36
20150320,561.65,559.05,561.72
20150319,559.39,556.14,560.8
20150318,552.5,547,559.78
20150317,551.71,548,553.8
20150316,550.95,546,556.85
20150313,553.5,544.22,558.4
20150312,553.51,550.46,556.37
20150311,555.14,550.68,558.14
20150310,564.25,554.73,564.85
20150309,566.86,563.54,570.27
20150306,574.88,566.76,576.68
20150305,575.02,573.41,577.91
20150304,571.87,568.01,577.11
20150303,570.45,566.52,575.39
20150302,560.53,558.75,572.15
20150227,554.24,552.9,564.71
20150226,543.21,541.5,556.14
20150225,535.9,535.44,546.22
20150224,530,528.25,536.79
20150223,536.05,529.41,536.44
20150220,543.13,535.8,543.75
20150219,538.04,538.01,543.11
20150218,541.4,537.51,545.49
20150217,546.83,541.09,550
20150213,543.35,543.13,549.91
20150212,537.25,534.67,544.82
20150211,535.3,533.38,538.45
20150210,529.3,526.92,537.7
20150209,528,526.02,532
20150206,527.64,526.41,537.2
20150205,523.79,522.09,528.5
20150204,529.24,521.27,532.67
20150203,528,523.26,533.4
20150202,531.73,518.55,533
20150130,515.86,515.52,539.87
20150129,511,501.2,511.09
20150128,522.78,510,522.99
20150127,529.97,518.19,530.7
20150126,538.53,529.67,539
20150123,535.59,533,542.17
20150122,521.48,519.7,536.33
20150121,507.25,506.2,519.28
20150120,511,506.02,512.5
20150116,500.01,500,508.19
20150115,505.57,497.76,505.68
20150114,494.65,493,503.23
20150113,498.84,492.39,502.98
20150112,494.94,487.56,495.98
20150109,504.76,494.79,504.92
20150108,497.99,491,503.48
20150107,507,499.65,507.24
20150106,515,501.05,516.18
20150105,523.26,513.06,524.33
20150102,529.01,524.1,531.27
20141231,531.25,525.8,532.6
20141230,528.09,527.13,531.15
20141229,532.19,530.01,535.48
20141226,528.77,527.31,534.25
20141224,530.51,527.02,531.76
20141223,527,526.29,534.56
20141222,516.08,516.08,526.46
20141219,511.51,506.91,517.72
20141218,512.95,504.7,513.87
20141217,497,496.81,507
20141216,511.56,489,513.05
20141215,522.74,513.27,523.1
20141212,523.51,518.66,528.5
20141211,527.8,527.1,533.92
20141210,533.08,525.56,536.33
20141209,522.14,520.5,534.19
20141208,527.13,523.79,531
20141205,531,524.28,532.89
20141204,531.16,528.59,537.34
20141203,531.44,529.26,536
20141202,533.51,529.8,535.5
20141201,538.9,531.86,541.41
20141128,540.62,536.6,542
20141126,540.88,537.04,541.55
20141125,539,538.6,543.98
20141124,537.65,535.62,542.7
20141121,541.61,536.56,542.14
20141120,531.25,531.08,535.11
20141119,535,530.08,538.24
20141118,537.5,534.17,541.94
20141117,543.58,534.06,543.79
20141114,546.68,542.15,546.68
20141113,549.8,543.48,549.8
20141112,550.39,545.17,550.46
20141111,548.49,546.3,551.94
20141110,541.46,541.02,549.59
20141107,546.21,538.67,546.21
20141106,545.5,540.97,546.88
20141105,556.8,544.05,556.8
20141104,553,549.3,555.5
20141103,555.5,553.23,557.9
20141031,559.35,554.75,559.57
20141030,548.95,543.51,552.8
20141029,550,546.98,554.19
20141028,543,541.62,548.98
20141027,537.03,537.03,544.41
20141024,544.36,535.79,544.88
20141023,539.32,535.85,547.22
20141022,529.89,528.8,539.8
20141021,525.19,519.11,526.79
20141020,509.45,508.1,521.76
20141017,527.25,508.53,530.98
20141016,519,515,529.43
20141015,531.01,518.3,532.8
20141014,538.9,533.17,547.19
20141013,544.99,533.1,549.5
20141010,557.72,544.05,565.13
20141009,571.18,559.06,571.49
20141008,565.57,557.49,573.88
20141007,574.4,563.74,575.27
20141006,578.8,574.44,581
20141003,573.05,572.5,577.22
20141002,567.31,563.32,571.91
20141001,576.01,567.01,577.58
20140930,576.93,572.85,579.85
20140929,571.75,571.17,578.19
20140926,576.06,574.66,579.25
20140925,587.55,574.18,587.98
20140924,581.46,580.52,589.63
20140923,586.85,581,586.85
20140922,593.82,583.46,593.95
20140919,591.5,589.5,596.48
20140918,587,585,589.54
20140917,580.01,578.78,587.52
20140916,572.76,572.66,581.5
20140915,572.94,568.21,574.95
20140912,581,574.46,581.64
20140911,580.36,576.26,581.81
20140910,581.5,576.94,583.5
20140909,588.9,580,589
20140908,586.6,586.3,591.77
20140905,583.98,581.95,586.55
20140904,580,579.22,586
20140903,580,575,582.99
20140902,571.85,571.19,577.83
20140829,571.33,567.07,572.04
20140828,569.56,567.1,573.25
20140827,577.27,570.1,578.49
20140826,581.26,576.58,581.8
20140825,584.72,579,585
20140822,583.59,580.64,585.24
20140821,583.82,581.14,584.5
20140820,585.88,582.57,586.7
20140819,585,584,587.34
20140818,576.11,576,584.51
20140815,577.86,570.52,579.38
20140814,576.18,570.88,577.9
20140813,567.31,565.75,575
20140812,564.52,560.88,565.9
20140811,569.99,566,570.49
20140808,563.56,560.35,570.25
20140807,568,561.1,569.89
20140806,561.78,560,570.7
20140805,570.05,562.61,571.98
20140804,569.04,564.1,575.35
20140801,570.4,562.85,575.96
20140731,580.6,570,583.65
20140730,586.55,584,589.5
20140729,588.75,583.52,589.7
20140728,588.07,584.75,592.5
20140725,590.4,587.03,591.86
20140724,596.45,591.77,599.5
20140723,593.23,592.5,597.85
20140722,590.72,590.6,599.65
20140721,591.75,585.23,594.4
20140718,593,582,596.8
20140717,579.53,568.61,580.99
20140716,588,582.2,588.4
20140715,585.74,576.56,585.8
20140714,582.6,578.03,585.21
20140711,571.91,571.42,580.85
20140710,565.91,565.01,576.59
20140709,571.58,569.38,576.72
20140708,577.66,566.14,579.53
20140707,583.76,579.59,586.43
20140703,583.35,580.92,585.01
20140702,583.35,580.39,585.44
20140701,578.32,576.65,584.4
20140630,578.66,574.75,579.57
20140627,577.18,573.8,579.87
20140626,581,571.85,582.45
20140625,565.26,565.22,579.96
20140624,565.19,561.01,572.65
20140623,555.15,554.25,565
20140620,556.85,550.39,557.58
20140619,554.24,548.51,555
20140618,544.86,544,553.56
20140617,544.2,539.33,545.32
20140616,549.26,541.52,549.62
20140613,552.26,545.56,552.3
20140612,557.3,548.46,557.99
20140611,558,555.02,559.88
20140610,560.51,557.9,563.6
20140609,557.15,556.04,562.9
20140606,558.06,548.93,558.06
20140605,546.4,544.45,554.95
20140604,541.5,538.75,548.61
20140603,550.99,542.55,552.34
20140602,560.7,545.73,560.9
20140530,560.8,555.91,561.35
20140529,563.35,558.71,564
20140528,564.57,561,567.84
20140527,556,554.35,566
20140523,547.26,543.7,553.64
20140522,541.13,540.78,547.6
20140521,532.9,531.91,539.18
20140520,529.74,526.3,536.23
20140519,519.7,517.58,529.78
20140516,521.39,515.44,521.8
20140515,525.7,517.42,525.87
20140514,533,525.29,533
20140513,530.89,529.51,536.07
20140512,523.51,519.01,530.19
20140509,510.75,504.2,519.9
20140508,508.46,506.45,517.23
20140507,515.79,503.3,516.68
20140506,525.23,515.06,526.81
20140505,524.82,521.32,528.9
20140502,533.76,525.61,534
20140501,527.11,523.88,532.93
20140430,527.6,522.52,528
20140429,516.9,516.32,529.46
20140428,517.18,502.8,518.6
20140425,522.51,515.42,524.7
20140424,530.07,522.12,531.65
20140423,533.79,526.25,533.87
20140422,528.64,527.51,537.23
20140421,536.1,525.6,536.7
20140417,548.81,531.15,549.5
20140416,543,540,557
20140415,536.82,518.46,538.45
20140414,538.25,529.56,544.1
20140411,532.55,526.53,540
20140410,565,539.9,565
20140409,559.62,552.95,565.37
20140408,542.6,541.61,555
20140407,540.74,527.15,548.48
20140404,574.65,543,577.77
20140403,569.85,564.13,587.28
20140402,282.43,561.44,571.83
20140401,559.57,558.44,568.18
20140331,564.63,555.87,566.93
20140328,558.94,558.33,566.03
20140327,564.86,550.5,565.4
20140326,580.42,565.18,585.2
20140325,582.42,572.93,584.34
20140324,591.5,572.4,591.86
20140321,602.55,590.63,604.21
20140320,599.38,597.08,604.2
20140319,605.29,596.61,605.39
20140318,596.74,595.93,605.16
20140317,589.04,588.47,597.94
20140314,590.4,585.68,594.84
20140313,603.37,591.79,604.64
20140312,597.6,591.5,603.32
20140311,606.28,597.72,606.55
20140310,607.24,601.44,608.21
20140307,612.79,605.11,612.88
20140306,610.53,608.69,612.46
20140305,606.92,605.1,610.93
20140304,606.89,604.15,607.39
20140303,602.77,595.47,603.32
20140228,609.56,602.51,611.48
20140227,608.59,607.9,611.5
20140226,611.39,606.27,613.83
20140225,607.36,604.61,611.64
20140224,602.08,601.95,609.47
20140221,603.3,600.82,604.33
20140220,600.97,599.51,602.84
20140219,602.05,598.15,604
20140218,600.1,599.4,605.83
20140214,597.21,595.8,601.59
20140213,589.78,589.24,599.35
20140212,593.91,590.1,594.4
20140211,589.49,585.52,595.34
20140210,585.31,583.93,590.61
20140207,583.23,579.7,588.36
20140206,574.99,573.2,579.5
20140205,571.12,563.45,574.81
20140204,568.43,567.94,576.92
20140203,589.01,565.44,590.27
20140131,585.09,574.99,592.68
20140130,571.93,563.06,575.67
20140129,559,549.16,560.31
20140128,554.6,554.42,562.31
20140127,562.49,540.59,562.69
20140124,574.93,560.94,576.2
20140123,579.42,576.61,580.66
20140122,582.72,578.85,583.36
20140121,579.88,575.07,581.42
20140117,577.85,571.53,579.73
20140116,573.98,573.43,578.39
20140115,575.92,571.32,576.92
20140114,568.41,563.48,574.92
20140113,562.67,558.03,572.88
20140110,568.97,560.56,568.97
20140109,571.15,562.22,571.54
20140108,572.43,566.08,573.09
20140107,561.94,560.02,569.28
20140106,555.95,552.67,558.87
20140103,556.94,551.91,557.91
20140102,557.17,553.58,558.32
20131231,555.56,552.58,559.94
20131230,559.61,553.96,559.69
20131227,559.44,555.91,559.58
20131226,556.45,553.79,558.94
20131224,556.93,553.5,557.06
20131223,553.37,552.01,557.34
20131220,544.1,543.46,550.03
20131219,540.18,539,545.45
20131218,535.46,528.99,541.93
20131217,536.51,533.66,539.84
20131216,530.97,530.47,536.81
20131213,537.07,528.41,537.61
20131212,539.25,533.97,540.93
20131211,543.16,537.05,545.11
20131210,537.29,537.29,545.61
20131209,534.51,533.48,540.61
20131206,534.36,529.51,534.46
20131205,528.07,525.02,529.3
20131204,525.16,524.48,531.46
20131203,524.95,523.99,531.19
20131202,531.22,524.85,532.64
20131129,530.55,529.2,532.78
20131127,530.48,529.47,533.47
20131126,523.78,520.95,530.22
20131125,518.06,516.99,526.07
20131122,516.19,514.1,517.57
20131121,512.99,512.49,518.64
20131120,514.46,509.67,516.16
20131119,515.34,511.01,516.86
20131118,517.36,514.11,523.85
20131115,516.92,514.64,518.48
20131114,516.44,514.66,519.36
20131113,502.87,502.75,515.91
20131112,503.35,502,508.27
20131111,504.25,503.5,507.46
20131108,503.87,503.75,508.74
20131107,510.79,503.32,511.45
20131106,512.29,507.18,512.99
20131105,509.66,508.2,515.31
20131104,515.23,510.5,515.67
20131101,515.38,512.04,517.48
20131031,513.95,511.47,520.24
20131030,518.2,512.49,518.24
20131029,509.04,506.24,517.95
20131028,507.09,505.99,511.2
20131025,513.9,504.86,513.9
20131024,515.42,511.89,519.76
20131023,500,499.81,516.86
20131022,502,497.4,505.99
20131021,505.22,499.28,508.99
20131018,487.8,486.51,507.22
20131017,446.05,442.42,448
20131016,442.49,441.56,448.72
20131015,437.44,436.56,442.37
20131014,432.9,432.26,437.69
20131011,432.58,432.22,436.3
20131010,431.49,429.67,433.98
20131009,427.71,421.07,430.89
20131008,432.23,425.39,432.56
20131007,433.29,431.62,436.56
20131004,437.06,434.56,438.32
20131003,443.56,435.61,446.6
20131002,440.92,438.47,444.23
20131001,439.68,439.58,443.39
20130930,434.11,433.72,439.98
20130927,436.97,435.22,438.32
20130926,438.71,437.06,440.93
20130925,442.83,437.36,442.83
20130924,442.81,440.26,444.6
20130923,447.63,442.16,450.34
20130920,448.75,447.36,451.61
20130919,452.54,447.25,452.54
20130918,442.73,441.09,451.53
20130917,443.26,440.06,443.75
20130916,447.65,441.99,448.05
20130913,446.8,441.98,447.39
20130912,448.25,444.56,448.5
20130911,443.83,442.6,448.04
20130910,444.56,441.56,445.55
20130909,441.42,440.77,444.43
20130906,440.78,436.43,441.45
20130905,436.31,435.37,439.5
20130904,429.74,427.16,436.31
20130903,426.75,426.55,432.66
20130830,427.45,422.36,428.59
20130829,424.11,423.87,429.76
20130828,424.7,423.46,427.28
20130827,429.38,423.53,431.43
20130826,434.56,432.59,437.01
20130823,438.48,434.44,438.56
20130822,435.91,434.69,436.94
20130821,434.89,432.82,438.02
20130820,433.74,431.34,435.62
20130819,428.43,428.3,435.56
20130816,430.21,427.84,430.79
20130815,431.79,428.57,432.03
20130814,438.75,433.15,439.67
20130813,442.97,437.66,443.81
20130812,443.01,440.38,443.06
20130809,444.83,444.56,447.31
20130808,447.3,442.2,447.47
20130807,447.07,444.1,448.78
20130806,451.89,447.42,454.4
20130805,452.24,449.15,452.31
20130802,451.27,449.96,453.05
20130801,447.05,447.05,451.82
20130731,446.05,442.65,447.81
20130730,442.29,439.99,447.36
20130729,442.01,440,446.96
20130726,443.05,440.56,444.55
20130725,446.49,442.6,447.98
20130724,453.18,449.9,454.69
20130723,454.89,449.34,456.04
20130722,450.55,448.05,455.88
20130719,442.86,437.37,451.02
20130718,459.04,451.14,459.54
20130717,460.04,457.69,462.97
20130716,463.1,456.49,463.52
20130715,461.69,457.72,463.54
20130712,459.54,457.16,461.04
20130711,456.04,453.81,459.94
20130710,451.27,449.74,455.11
20130709,455.04,448.54,456.02
20130708,449.16,448.09,452.68
20130705,444.56,443.23,447.26
20130703,439.51,438.81,444.14
20130702,444.65,438.2,445.05
20130701,442.78,442.06,445.59
20130628,437.01,436.66,440.48
20130627,438.96,437.89,441.9
20130626,436.44,434.85,438.56
20130625,438.19,431.82,439.4
20130624,435.5,431.19,437.72
20130621,443.73,436.1,444.5
20130620,446.55,441.21,450.05
20130619,450.23,448.3,454.96
20130618,443.88,443.73,450.05
20130617,439.18,438.7,444.27
20130614,439.61,436.63,441.91
20130613,434.06,432.32,439.39
20130612,442.29,434.39,442.56
20130611,441.54,439.32,443.06
20130610,440.61,439.6,445.05
20130607,434.77,432.23,439.56
20130606,431.72,423.19,432.73
20130605,430.82,428.14,434.29
20130604,433.49,426.61,434.86
20130603,431.34,427.08,436.55
20130531,433.63,433.33,438.06
20130530,434.53,432.77,439.01
20130529,437.42,431.71,438.56
20130528,441.31,439.76,445.62
20130524,437.19,435.07,438.97
20130523,438.06,436.56,444.54
20130522,450.83,443,454.2
20130521,453.56,448.36,455.37
20130520,452.05,452.05,459.84
20130517,454.56,449.81,456.29
20130516,459.04,450.55,459.53
20130515,447.3,446.56,457.73
20130514,438.31,438.13,443.9
20130513,439.01,436.25,440.79
20130510,437.22,435.64,439.83
20130509,434.98,433.68,439.39
20130508,428.07,426.03,436.5
20130507,431.07,424.91,431.5
20130506,423.71,423.71,430.49
20130503,418.06,417.58,422.98
20130502,409.64,409.12,416.86
20130501,411.22,407.77,411.95
20130430,409.09,408.43,413.41
20130429,401.22,401.1,410.94
20130426,403.4,397.89,403.47
20130425,407.72,403.41,407.83
20130424,403.65,403.6,408.59
20130423,400.1,399.78,407.34
20130422,399.9,387.11,401.58
20130419,384.2,382.75,401.32
20130418,392.28,380.25,392.51
20130417,392.98,388.66,395.03
20130416,392.9,391.57,397.6
20130415,392.58,388.12,398.1
20130412,395.6,391.07,395.66
20130411,396.04,391.64,396.15
20130410,391.07,387.61,395.78
20130409,387.36,386.17,391.48
20130408,388.99,383.82,389.39
20130405,392.64,387.81,393.1
20130404,401.72,395.25,402.47
20130403,406.32,399.93,406.69
20130402,401.87,401.6,407.01
20130401,397.11,396.23,400.72
20130328,401.59,396.25,402.28
20130327,402.94,400.26,403.1
20130326,406.34,403.49,406.59
20130325,405.8,403.01,409.21
20130322,406.96,404.42,407.21
20130321,405.24,404.52,408.05
20130320,408.01,405.31,408.35
20130319,405.21,402.82,409.22
20130318,402.1,400.33,405.97
20130315,408.84,406.26,409.74
20130314,413.08,408.29,413.08
20130313,413.54,410.74,414.93
20130312,414.94,411.42,415.53
20130311,415.43,415.33,419.43
20130308,416.83,412.11,417.04
20130307,416.61,414.38,417.89
20130306,420.09,413.99,421.58
20130305,414.05,414.04,419.65
20130304,402.25,402.1,411.01
20130301,398.5,397.68,403.17
20130228,400.15,400.11,403.09
20130227,397,395.16,401.97
20130226,397.1,391.81,397.58
20130225,400.75,394.85,403.8
20130222,399.23,396.5,400.22
20130221,398.6,395.21,402.32
20130220,402.25,395.5,404.08
20130219,397.6,397.24,403.1
20130215,393.31,393.14,396.23
20130214,389.48,388.5,393.98
20130213,389.67,389.6,392.28
20130212,390.48,389.3,393.56
20130211,388.81,386.49,391.11
20130208,389.67,389.39,392.94
20130207,384.47,382.37,389.02
20130206,379.16,378.87,386.09
20130205,380.18,379.35,385.17
20130204,383.46,378.76,384.85
20130201,378.7,378.7,387.9
20130131,374.88,374.75,378.43
20130130,376.49,376.08,380.09
20130129,373,372.9,378.1
20130128,375.5,373.57,377.42
20130125,375.01,374.75,378.86
20130124,370.25,369.88,378.04
20130123,367.63,367.53,374.13
20130122,351.98,347.41,352.32
20130118,354.82,350.31,356.03
20130117,358.5,355.15,359.46
20130116,360.84,356.48,361.81
20130115,359.31,355.69,367.13
20130114,368.13,360.81,370.73
20130111,370.63,367.78,370.84
20130110,371.04,366.38,372.13
20130109,365.77,363.94,368.81
20130108,367.4,361.85,367.78
20130107,367.36,364.92,369.32
20130104,364.31,363.48,370.36
20130103,362.1,360,365.6
20130102,359.35,357.92,363.14
20121231,349.65,347.65,354.93
20121228,350.49,349.65,353.1
20121227,353.22,348.96,354.07
20121226,353.68,350.85,356.08
20121224,356.9,353.38,357.23
20121221,356.63,354.9,359.05
20121220,361.27,358.13,361.96
20121219,359.99,357.98,361.14
20121218,357.94,357.17,364.19
20121217,352.4,351.66,368.77
20121214,349.24,348.87,353.56
20121213,357.6,349.42,357.88
20121212,349.27,346.39,351.4
20121211,344.66,343.52,350.61
20121210,342.35,341.55,345.48
20121207,347.15,340.87,348.09
20121206,343.45,341.91,347.46
20121205,345.73,340.82,346.9
20121204,347.15,342.51,347.41
20121203,350.77,346.71,352.59
20121130,345.31,342.5,349.26
20121129,343.55,340.66,346.6
20121128,333.67,331.61,342.11
20121127,329.75,328.67,337.16
20121126,332.89,329.18,333.17
20121123,334.65,332.72,334.66
20121121,334.16,329.87,334.57
20121120,334.42,331.95,338.66
20121119,327.52,327.44,334.13
20121116,322.67,317.68,326.18
20121115,324.68,321.63,329.67
20121114,330,324.92,330.76
20121113,331.17,328.79,333.47
20121112,331.54,330.1,334.57
20121109,327,324.82,333.84
20121108,334.76,325.29,335.41
20121107,337.16,332.91,338.78
20121106,342.4,338.44,342.91
20121105,341.91,337.44,343.09
20121102,347.05,343.34,347.43
20121101,339.41,339.02,345.1
20121031,339.59,337.16,340.16
20121026,337.91,335.26,341.17
20121025,339.66,336.42,340.66
20121024,343.06,337.3,343.16
20121023,335.67,335.66,343.32
20121022,340.16,334.52,341.97
20121019,352.44,335.66,353
20121018,377.39,337.66,379.33
20121017,371.6,369.76,377.79
20121016,369.69,367.86,373.12
20121015,370.6,364.98,371.54
20121012,375.55,371.68,377.06
20121011,376.07,374.77,378.87
20121010,370.56,368.78,373.39
20121009,379.46,370.89,380.28
20121008,380.12,376.7,381.41
20121005,384.97,382.12,386.8
20121004,380.99,379.32,384.56
20121003,377.48,375.72,381.58
20121002,382.22,374.76,382.61
20121001,379.15,377.73,382.12
20120928,376.7,375.2,379.27
20120927,379.6,375.45,381.04
20120926,374.55,370.13,380.24
20120925,376.15,373.46,382.06
20120924,365.13,364.76,374.64
20120921,365.74,364.69,367.09
20120920,361.87,360.25,365.32
20120919,358.39,357.85,363.92
20120918,353.54,353.04,358.97
20120917,353.7,352.15,356.08
20120914,354.45,353.15,356.14
20120913,346.2,344.92,354.15
20120912,344.36,340.1,347.11
20120911,348.63,345.15,349.97
20120910,354.53,348.85,356.05
20120907,349.65,348.49,355.77
20120906,342.64,342.02,349.6
20120905,339.66,339.23,342.91
20120904,341.93,336.41,342.16
20120831,341.66,339.68,343.95
20120830,341.78,339.75,343.35
20120829,338.35,337.74,344.15
20120828,332.17,332.04,338.47
20120827,331.16,329.29,335.66
20120824,337.46,336.7,339.88
20120823,336.8,335.16,339.9
20120822,333.36,333.02,339.96
20120821,336.22,330.75,338.66
20120820,337.41,335.99,339.1
20120817,336.72,335.51,338.29
20120816,333.42,333.21,336.98
20120815,334.8,331.72,336.79
20120814,329.3,329.17,336.09
20120813,323.39,323.02,329.74
20120810,318.98,317.75,320.8
20120809,321.93,320.44,322.86
20120808,319.21,318.93,322.61
20120807,320.57,317.92,321.81
20120806,319.49,319.29,324.37
20120803,319.68,317.75,321.54
20120802,312.44,311.39,318.7
20120801,318.33,315.37,319.43
20120731,313.82,313.8,317.93
20120730,317.71,314.44,320.98
20120727,309.14,308.44,317.18
20120726,307.19,304.71,308.13
20120725,303.86,302.38,306.38
20120724,307.19,301.87,308.66
20120723,299.94,298.83,308.87
20120720,304.08,298.79,306.16
20120719,292.78,292.71,298.94
20120718,288.2,287.78,291.55
20120717,288.93,283.92,290.04
20120716,287.9,285.6,289.31
20120713,285.79,283.99,289.28
20120712,283.28,280.76,285.68
20120711,287.86,282.19,288.64
20120710,294.8,289.08,295.92
20120709,292.18,290.33,294.01
20120706,295.93,291.12,296.46
20120705,294.09,293.98,299.73
20120703,289.71,288.71,293.91
20120702,290.62,287.96,291.21
20120629,287.19,285.81,289.77
20120628,282.67,278.33,282.83
20120627,283.57,282.73,286.71
20120626,281.1,279.46,283.02
20120625,283.38,278.4,283.76
20120622,283.72,282.63,285.45
20120621,289.63,281.58,289.63
20120620,289.62,286.47,289.71
20120619,286.51,286.27,291.85
20120618,281.03,279.35,286.82
20120615,279.89,278.27,281.98
20120614,280.37,277.98,282.25
20120613,280.58,279.06,283.22
20120612,284.6,279.01,284.86
20120611,291.81,283.06,292.37
20120608,287.64,287,290.21
20120607,293.51,288.34,293.65
20120606,287.95,286.52,290.69
20120605,287.44,282.95,288.78
20120604,284.82,284.72,289.95
20120601,285.61,283.89,286.04
20120531,294.07,289.21,294.7
20120530,293.79,291.47,295.65
20120529,297.61,293.87,299.27
20120525,300.2,293.85,300.56
20120524,304.28,299.14,305.65
20120523,300.52,298.26,304.5
20120522,306.41,297.7,306.6
20120521,299.96,299.7,307.54
20120518,312.24,298.05,315.89
20120517,316.6,310.3,318.61
20120516,308.67,307.66,314.73
20120515,302.37,301.57,307.19
20120514,300.09,299.99,303.95
20120511,304.87,302.08,306.97
20120510,306.17,304.81,307.79
20120509,303.11,300.6,307.88
20120508,302.46,300.05,308.14
20120507,297.2,297.2,304.98
20120504,302.66,298.11,303.64
20120503,304.51,304.17,307.11
20120502,300.3,300,303.75
20120501,301.59,299.79,305.49
20120430,306.19,300,307.73
20120427,307.2,304.99,308.06
20120426,305.15,304.55,308.69
20120425,301.7,301.14,305.37
20120424,298.82,298.36,303.01
20120423,296.15,294.8,298.93
20120420,301.82,297.62,304.12
20120419,302.54,299.2,307.82
20120418,303.72,301.1,306.09
20120417,303.98,303.2,308.54
20120416,311.19,300.53,311.59
20120413,323.45,311.46,324.17
20120412,320.85,319.81,326.24
20120411,316.67,315.33,317.68
20120410,316.44,311.96,316.93
20120409,313.93,312.33,317.35
20120405,315.8,313.97,317.9
20120404,318.91,315.23,319.18
20120403,322.38,319,323.65
20120402,320.06,317.1,323.43
20120330,325.55,320.18,326.42
20120329,326.39,321.83,327.97
20120328,325.69,325.21,328.96
20120327,323.19,322.08,326.42
20120326,322.18,319.45,324.42
20120323,322.98,320.13,323.93
20120322,318.93,315.18,324.08
20120321,316.99,315.94,323.37
20120320,315.14,313.32,317.71
20120319,311.25,310.31,318.32
20120316,310.14,309.72,312.64
20120315,307.99,307.11,311.44
20120314,307.19,306.42,311.08
20120313,304.07,302.47,308.62
20120312,299.7,299.33,303.2
20120309,303.67,299.7,305.64
20120308,304.71,302.87,305.44
20120307,304.22,302.63,305.29
20120306,303.72,296.62,304.1
20120305,309.9,305.38,310.93
20120302,310.69,309.85,311.69
20120301,310.82,308.77,312.54
20120229,308.99,307.44,312.49
20120228,304.7,303.54,309.58
20120227,302.99,302.23,305.87
20120224,303.37,302.45,305.52
20120223,303.2,299.87,303.67
20120222,305.67,303.05,308.08
20120221,301.63,301.14,308.63
20120217,302.18,300.9,303.51
20120216,301.11,298.57,304.1
20120215,306.16,300.98,306.16
20120214,305.46,302.08,305.69
20120213,304.94,304.7,306.61
20120210,303.64,301.7,303.76
20120209,305.7,304.2,306.94
20120208,304.02,302.07,305.37
20120207,303.27,301.58,304.39
20120206,297.21,296.71,305.11
20120203,295.03,293.73,298.24
20120202,292.14,290.75,292.91
20120201,292.18,289.28,292.46
20120131,291.21,287.29,291.71
20120130,288.74,286.41,289.71
20120127,285.1,284.38,289.87
20120126,285.7,281.99,286.95
20120125,288.47,282.91,289.07
20120124,292.87,288.71,293.55
20120123,292.71,291.29,294.04
20120120,294.97,290.56,295.2
20120119,320.17,315.41,320.17
20120118,313,310.75,316.68
20120117,315.67,312.53,315.67
20120113,312.82,310.22,313.16
20120112,315.29,312.94,316.13
20120111,311.44,310.25,314.38
20120110,314.56,308.15,316.58
20120109,322.93,310.3,323.18
20120106,329.25,324.57,329.67
20120105,330.73,327.79,331.65
20120104,332.18,329.98,334.79
20120103,326.14,325.86,333.74
20111230,320.69,320.69,323.06
20111229,320.42,317.28,321.18
20111228,321.05,318.73,322.18
20111227,315.71,315.68,321.92
20111223,315.68,314.96,317.02
20111222,313.66,313.19,315.55
20111221,314.69,309.17,315.59
20111220,313.69,313.68,315.6
20111219,313.69,309.69,313.94
20111216,311.85,310.42,314.35
20111215,310.95,309.04,311.69
20111214,310.61,305.94,311.85
20111213,314.07,311.11,317.96
20111212,310.63,309.83,312.78
20111209,308.69,308.2,314.25
20111208,310.21,307.34,313.41
20111207,310.53,308.74,312.52
20111206,311.18,309.81,314
20111205,313.51,310.89,315.63
20111202,308.22,307.82,311.69
20111201,299.7,299.2,307.69
20111130,298.68,295.75,299.46
20111129,293.65,290.37,294.88
20111128,289.4,287.96,294.12
20111125,282.31,280.38,286.85
20111123,287.39,284.77,289.83
20111122,289.71,287.33,292.19
20111121,293.59,285.76,293.96
20111118,300.7,296.58,301.95
20111117,304.72,298.09,305.84
20111116,305.73,305,308.84
20111115,306.09,304.94,308.73
20111114,303.7,303.59,308.73
20111111,300.35,299,305.74
20111110,302.66,295.48,302.67
20111109,301.83,299.03,304.39
20111108,304.2,301.5,306.88
20111107,296.36,295.82,304.09
20111104,296.45,295.92,299.57
20111103,293.21,291.57,298.45
20111102,292.16,289.95,293.69
20111101,289.76,288.09,292.46
20111031,297.25,295.54,299.55
20111028,296.96,296.83,300.85
20111027,298.91,296.35,301.05
20111026,294.48,286.14,294.79
20111025,296.25,291.13,297.2
20111024,293.07,292.96,299.69
20111021,294.46,293.06,296.08
20111020,290.66,289.47,294.15
20111019,293.38,289.32,295.73
20111018,289.8,288.41,295.98
20111017,291.57,288.71,295.62
20111014,299.44,293.49,299.5
20111013,274.74,273.74,279.22
20111012,273.79,272.04,277.34
20111011,266.46,266.46,273.13
20111010,262.33,261.34,268.47
20111007,258.16,254.89,259.99
20111006,253.5,251.05,257.36
20111005,247.93,240.14,253.65
20111004,244.77,240.06,251.47
20111003,254.67,247.25,255.74
20110930,259.84,256.93,261.74
20110929,267.75,259.45,268.38
20110928,270.48,263.59,271.74
20110927,268.83,267.76,273.25
20110926,263.36,256.37,266.2
20110923,258.02,256.99,262.95
20110922,262.86,256.74,264.12
20110921,273.57,269.16,277.22
20110920,274.42,271.06,278.98
20110919,269.9,267.42,274.68
20110916,272.13,271.3,273.15
20110915,267.48,267.01,272.22
20110914,266.03,262.65,268.21
20110913,265.73,261.44,266.67
20110912,258.72,258.49,265.73
20110909,265.43,260.33,267.06
20110908,266.63,265.68,269.28
20110907,264.96,263.44,267.7
20110906,255.14,254.99,261.12
20110902,261.97,260.1,263.7
20110901,270.1,265.34,271.64
20110831,272.1,267.73,272.88
20110830,268.83,265.14,271.22
20110829,267.01,266.51,269.46
20110826,259.74,256.31,264.96
20110825,264.92,258.89,268.37
20110824,259.41,258.36,264.74
20110823,251.5,249.28,260.44
20110822,251.75,247.02,253.25
20110819,249.42,245.18,257.18
20110818,261.47,249.99,262.18
20110817,269.74,265.12,271.57
20110816,275.94,264.88,275.94
20110815,276.44,272.75,282.21
20110812,284.47,279.92,284.96
20110811,276.63,273.93,283.97
20110810,280.41,273.59,281.78
20110809,280.22,270.23,287.02
20110808,281.21,271.9,284.22
20110805,290.98,280.72,294.7
20110804,296.95,288.45,299.13
20110803,296.74,291.52,301.2
20110802,302.7,291.52,299.11
20110801,305.3,299.29,307.44
20110729,301.81,301.54,307.17
20110728,302.29,301.2,307.68
20110727,308.28,302.07,310.16
20110726,308.72,308.3,313.44
20110725,306.37,306.19,312.39
20110722,302.39,301.83,309.44
20110721,296.72,296.71,303.73
20110720,300.79,297.38,301.11
20110719,297.77,297.47,302.04
20110718,295.95,295.7,300.72
20110715,298.45,293.79,299.82
20110714,269.29,263.1,270.73
20110713,268.23,267.97,271.73
20110712,263.82,262.74,269.44
20110711,263.83,262.49,267.72
20110708,266.21,263.37,268.56
20110707,270.23,267.67,275.06
20110706,266.48,266.25,268.99
20110705,262.39,262.39,267.43
20110701,253.12,252.94,260.33
20110630,250.74,250.5,253.08
20110629,248.02,245.94,249.87
20110628,241.77,241.77,247.86
20110627,236.8,236.6,244
20110624,240.1,236.27,240.13
20110623,240.82,236.63,241.19
20110622,245.48,243.12,245.93
20110621,243.35,242.12,246.72
20110620,242.26,239.38,242.87
20110617,252.84,242.16,253.09
20110616,251.15,248.09,253.81
20110615,252.26,250.05,253.92
20110614,253.82,253.24,256.78
20110613,254.74,250.83,254.84
20110610,256.78,254.39,258.09
20110609,259.74,257.56,259.74
20110608,258.01,257.63,260.36
20110607,261.18,259.24,262.05
20110606,262.66,259.37,263.15
20110603,260.74,260.49,263.54
20110602,263.52,260.98,264.88
20110601,263.76,262.39,266.33
20110531,262.24,261.49,264.26
20110527,258.98,257.89,260.63
20110526,258.59,257.24,260.8
20110525,258.41,258.37,261.12
20110524,259.92,258.82,261.72
20110523,258.04,256.44,259.74
20110520,265.63,261.3,265.73
20110519,266.1,264.6,268
20110518,264.51,262.59,264.9
20110517,257.46,257.26,265.34
20110516,262.89,257.94,263.37
20110513,267.04,264.26,267.69
20110512,267.35,265.19,268.2
20110511,269.8,266.58,271.5
20110510,269.73,268.5,271.94
20110509,267.23,265.28,268.98
20110506,268.81,267.32,270.46
20110505,266.66,265.48,269.44
20110504,267.32,266.24,269.23
20110503,268.3,264.55,270.73
20110502,272.58,268.29,272.59
20110429,269.73,268.99,271.78
20110428,268.76,266.77,269.35
20110427,268.73,266.91,268.79
20110426,263,262.34,268.45
20110425,262.36,260.74,263.24
20110421,263.48,260.93,263.88
20110420,262.69,260.43,263.15
20110419,264.71,260.19,265.17
20110418,262.95,259.24,263.57
20110415,272.37,264.76,272.6
20110414,287.31,285.76,289.44
20110413,287.47,285.59,288.51
20110412,287.21,283.74,288.17
20110411,287.81,286.21,288.76
20110408,292.15,288.74,292.15
20110407,287.58,286.81,290.03
20110406,285.8,283.72,287.29
20110405,290.25,282.56,290.45
20110404,296.2,291.26,297.07
20110401,294.09,294.09,297.3
20110331,291.21,290.58,293.79
20110330,291.9,290,292.46
20110329,287.71,286.22,290.65
20110328,290.74,287.07,292.2
20110325,293.15,289.33,293.16
20110324,292.42,289.11,293.9
20110323,287.31,285.71,290.93
20110322,288.35,285.97,289.33
20110321,284.82,284.23,289.61
20110318,282.04,279.59,283.71
20110317,281.96,279.99,284.22
20110316,283.72,275.36,284.61
20110315,278.47,277.47,285.21
20110314,286.11,283.73,288.86
20110311,288.82,286.38,289.71
20110310,292.43,289.44,293.02
20110309,295.2,292.58,296.96
20110308,296.17,294.8,298.69
20110307,299.97,293.21,301.54
20110304,303.86,299.8,304.19
20110303,302.89,302.2,305.44
20110302,299.6,297.3,302.7
20110301,308.58,299.35,309.3
20110228,304.7,303.7,307.94
20110225,305.62,304.45,307.05
20110224,305.39,300.37,306.24
20110223,304.86,301.7,307.04
20110222,309.7,303.58,312.15
20110218,312.69,311.78,315.27
20110217,310.31,309.83,313.31
20110216,312.5,310.74,312.94
20110215,313.35,311.24,314.73
20110214,311.36,309.71,314.5
20110211,306.59,306.19,312.19
20110210,306.64,305.47,308.44
20110209,308.13,305.86,309.42
20110208,307.16,306.95,309.5
20110207,304.78,304.3,308.89
20110204,304.77,303,305.42
20110203,304.44,302.76,305.42
20110202,305.19,303.46,306.86
20110201,301.94,301.25,306.37
20110131,301.5,297.48,301.93
20110128,309.23,299.58,309.87
20110127,308.64,306.32,309.54
20110126,309.85,307.33,310.93
20110125,303.8,302.96,310.03
20110124,303.48,300.31,305.94
20110121,319.47,305.37,320.54
20110120,315.79,311.33,316.72
20110119,320.74,314.52,321.16
20110118,312.72,312.32,320.67
20110114,308.39,308.23,311.82
20110113,308.18,306.77,309.53
20110112,309.37,307.08,309.37
20110111,308.55,306.94,309.09
20110110,307.09,303.98,307.39
20110107,307.65,304.76,308.82
20110106,305.03,304.72,308.91
20110105,299.73,299.72,304.86
20110104,302.51,299.76,302.79
20110103,297.94,297.94,302.49
20101231,298.07,295.72,298.91
20101230,298.7,298.4,300.37
20101229,300.7,299.16,300.9
20101228,300.72,298.71,301.63
20101227,301.07,299.45,301.59
20101223,302.37,300.71,302.7
20101222,301.7,301.34,303.2
20101221,298.99,298.51,302.06
20101220,297.03,294.03,298.64
20101217,295.2,293.54,295.98
20101216,296.13,293.74,296.59
20101215,296.8,294.28,297.93
20101214,298.25,295.94,298.85
20101213,298.26,296.75,301.2
20101210,296.27,294.85,296.7
20101209,296.64,294.21,297.49
20101208,295.69,291.55,295.96
20101207,295.34,292.71,296.2
20101206,289.99,288.02,290.71
20101203,284.44,283.72,287.95
20101202,284.05,282.39,286.38
20101201,281.22,280.92,285.5
20101130,286.87,276.38,286.87
20101129,294.29,289.69,294.61
20101126,294.93,293.21,296.19
20101124,293.36,293.23,298
20101123,293.21,288.81,294.21
20101122,293.44,291.08,296.42
20101119,298.2,294.87,298.65
20101118,294.21,293.99,299.69
20101117,292.21,290.39,294.46
20101116,296.08,291.43,298.65
20101115,301.24,296.73,301.7
20101112,306.69,300.3,308.14
20101111,309.54,306.8,309.62
20101110,310.73,308.45,311.19
20101109,314.68,309.94,315.11
20101108,311.7,311.25,314.43
20101105,311.28,310.24,312.43
20101104,312.01,310.74,314.65
20101103,308.44,306.44,310.6
20101102,309.03,306.98,309.69
20101101,307.56,305.3,310.02
20101029,308.23,306.19,309.19
20101028,309.71,306.34,310.19
20101027,307.58,305.86,309.69
20101026,306.24,305.21,310.3
20101025,307.49,307.18,312.06
20101022,305.65,304.72,307.1
20101021,305.45,302.7,307.69
20101020,303.77,303.45,308.38
20101019,304.12,301.13,307.1
20101018,299.97,299.97,309.54
20101015,299.34,295.5,300.52
20101014,271.82,268.29,272.35
20101013,273.23,270.89,273.47
20101012,269.79,268.63,272.72
20101011,268.97,268.32,272.03
20101008,266.12,263.55,268.53
20101007,267.84,264.31,268.33
20101006,269.36,264.71,269.7
20101005,263.93,263.01,269.73
20101004,262.21,259.17,263.86
20101001,264.74,261.24,265.04
20100930,264.32,259.2,265.67
20100929,263.66,262.09,266.2
20100928,266.47,258.97,266.53
20100927,264.16,264.16,268.16
20100924,260.61,258.87,263.65
20100923,257.05,255.39,259.58
20100922,256.17,255.58,258.63
20100921,254.59,254.2,259.73
20100920,246,245.78,254.95
20100917,241.63,240.35,245.35
20100916,239.74,239.47,240.98
20100915,239.74,239.01,240.7
20100914,240.76,239.8,242.13
20100913,240.21,239.53,241.93
20100910,239.27,237.3,239.66
20100909,238.68,235.05,239.96
20100908,232.36,232.02,236.01
20100907,232.02,231.28,233.56
20100903,235.02,233.49,235.7
20100902,231.19,229.92,231.98
20100901,227.26,226.02,232.24
20100831,224.83,223.78,227.21
20100830,229.34,225.98,229.65
20100827,226.05,223.6,229.77
20100826,227.8,224.99,228.4
20100825,224.78,224.78,228.68
20100824,228.62,225.23,228.96
20100823,230.52,228.64,233.89
20100820,233.75,230.28,235.56
20100819,240.26,233.39,241.01
20100818,244.97,240.53,245.19
20100817,244.02,242.77,247.1
20100816,241.6,240.01,244.69
20100813,244.26,242.76,245.35
20100812,241.73,241.01,247.13
20100811,248.62,245.5,248.75
20100810,250.92,249.04,252.75
20100809,250.87,250.43,252.5
20100806,252.45,247.78,252.62
20100805,252.69,251.53,254.05
20100804,245.84,245.28,253.25
20100803,245,243.14,245.98
20100802,244.25,243.23,246.39
20100730,239.59,239.33,243.44
20100729,242.73,239.43,244.2
20100728,247.22,241.09,247.38
20100727,245.04,244.84,248.5
20100726,244.3,242.2,245.13
20100723,240.14,239.76,245.05
20100722,241.37,241,244.25
20100721,241.76,237.48,242.61
20100720,230.28,230.07,241.25
20100719,230.27,228.53,234.59
20100716,234.32,229.53,235.04
20100715,245.62,241.1,247.1
20100714,244.7,242.99,246.67
20100713,240.88,239.9,246.25
20100712,235.95,235.3,239.48
20100709,235.74,231.16,236.39
20100708,226.55,224.61,228.44
20100707,218.94,217.47,225.42
20100706,221.78,216.6,223.61
20100702,220.59,217.78,220.92
20100701,222.42,216.6,223.98
20100630,227.25,222.14,228.69
20100629,231.49,225.33,232.04
20100628,236.06,234.27,238.54
20100625,238.29,235.04,238.58
20100624,239.59,236.39,241.13
20100623,243.2,238.84,243.2
20100622,244.71,242.62,248.05
20100621,249.7,242.2,250.23
20100618,251,248.82,251.48
20100617,251.47,248.1,252.68
20100616,247.84,247.81,251.75
20100615,241.3,240.85,249.95
20100614,246.99,241.35,247
20100611,241.01,240.57,244.11
20100610,239.94,237.68,244.01
20100609,243.37,235.76,244.2
20100608,243.68,238.53,244.18
20100607,249.28,241.33,250.2
20100604,249.61,248.1,254.37
20100603,247.31,247.1,253.75
20100602,243.1,240.49,246.69
20100601,239.97,239.82,245.28
20100528,246.12,241.26,246.48
20100527,242.19,240.28,245.91
20100526,240.79,237.26,244.64
20100525,233.84,231.77,238.49
20100524,240.12,238.16,244.65
20100521,234.3,231.97,242.26
20100520,242.29,236.66,242.55
20100519,247.88,243.63,249.47
20100518,254.74,248.29,255.23
20100517,253.14,248.93,253.93
20100514,254.63,247.88,255.24
20100513,257.99,254.93,260.74
20100512,255.76,250.75,255.76
20100511,257.58,253.86,259.68
20100510,256.73,256.04,261.15
20100507,249.74,240.42,252.41
20100506,254.12,229.77,258.5
20100505,250.24,249.98,257.6
20100504,263,251.85,263.11
20100503,262.99,262.28,266.19
20100430,265.3,262.46,268.57
20100429,266.42,263.07,267.98
20100428,265.78,260.25,267.15
20100427,264.21,263.35,268.9
20100426,272.21,264.34,272.22
20100423,273.35,270.86,274.39
20100422,275.72,271.4,275.97
20100421,277.95,275.8,279.84
20100420,276.81,275.25,279.55
20100419,274.1,272.23,276.72
20100416,281.22,274.54,284.12
20100415,295.79,293.85,298.62
20100414,294.73,291.71,295.87
20100413,285.98,285.28,294.15
20100412,283.39,282.83,286.71
20100409,283.72,281.72,284.1
20100408,281.38,279.74,284.64
20100407,283.37,280.65,284.09
20100406,284.45,282.42,285.16
20100405,285.16,284.22,287.15
20100331,282.24,281.12,284.59
20100330,281.13,279.86,283.53
20100329,281.22,280,282.08
20100326,282.35,279.73,283.41
20100325,279.23,279.05,285.71
20100324,272.48,269.58,279.64
20100323,278.24,270.73,278.88
20100322,277.78,276.86,283.14
20100319,282.83,278.36,283.72
20100318,282.08,281.2,283.94
20100317,283.87,281.84,285.44
20100316,280.63,280.1,283.93
20100315,283.06,277.72,284.44
20100312,293.78,289.29,293.84
20100311,286.84,286.81,292.81
20100310,281.6,280.82,288.96
20100309,279.65,277.97,282.05
20100308,282.11,280.22,282.31
20100305,280.39,279.67,283.55
20100304,272.98,272.83,277.79
20100303,270.91,269.36,273.79
20100302,267.47,267.24,272.56
20100301,264.34,263.61,266.38
20100226,263.45,261.48,265.61
20100225,263.3,259.74,263.98
20100224,266.93,264.99,268.95
20100223,271.23,265.88,271.54
20100222,273.4,270.23,273.48
20100219,270.23,269.58,271.74
20100218,268.5,267.8,272.23
20100217,270.73,268.54,271.43
20100216,268.3,266.88,271.79
20100212,266.22,264.98,268.31
20100211,265.86,264.49,269.97
20100210,266.77,263.58,268.63
20100209,269.5,267.27,270.49
20100208,265.98,265.5,270.73
20100205,263.94,260.97,266.48
20100204,268.23,262.52,268.73
20100203,264.07,263.85,270.78
20100202,267.21,263.54,267.21
20100201,267.03,264.88,267.64
20100129,268.98,262.54,270.22
20100128,271.97,265.03,273.23
20100127,270.36,267.39,273.55
20100126,268.72,267.88,274.53
20100125,273.02,267.49,274.66
20100122,281.97,267.16,285.01
20100121,291.43,285.84,293.12
20100120,292.7,287.36,292.7
20100119,290.45,287.86,294.91
20100115,295.5,288.73,296.48
20100114,291.66,291.11,296.8
20100113,287.96,286.66,293.9
20100112,298.74,293.71,298.78
20100111,301.93,296.72,301.93
20100108,295.7,294.26,301.32
20100107,304.4,296.03,304.7
20100106,312.62,302.88,312.62
20100105,313.28,310.46,313.61
20100104,313.16,311.81,314.44
20091231,312.06,309.68,312.39
20091230,308.94,308.7,311.05
20091229,312.06,308.84,312.11
20091228,310.52,308.93,312.68
20091224,306.16,305.83,309.45
20091223,301.45,301.12,306.13
20091222,300.37,299.13,300.45
20091221,298.68,297.54,299.62
20091218,297.72,297.2,299.17
20091217,297.92,296.58,298.52
20091216,299.16,298.02,299.88
20091215,296.35,295.2,297.89
20091214,297.32,296.01,298.36
20091211,297.04,293.57,297.08
20091210,294.92,294.91,297.06
20091209,293.46,291.5,294.37
20091208,291.46,290.71,295.03
20091207,291.82,290.21,294.05
20091204,296.21,289.3,297.12
20091203,294.23,292.21,295.43
20091202,295.19,292.82,296.21
20091201,293.77,291.21,295.31
20091130,290.02,288.27,291.54
20091127,285.71,285.2,290.94
20091125,292.91,291.05,293.24
20091124,290.96,287.98,291.85
20091123,287.96,287.64,293.01
20091120,284.46,284.42,285.51
20091119,286.6,284.72,286.71
20091118,288.04,285.75,289.1
20091117,287.15,286.57,288.46
20091116,287.21,286.1,288.21
20091113,284.36,283.02,285.97
20091112,284.5,282.47,286.16
20091111,284.95,282.65,286.46
20091110,281.08,280.72,284.11
20091109,277.45,276.84,281.01
20091106,273.59,272.48,275.61
20091105,271.47,271.06,274.61
20091104,270.13,267.94,272.48
20091103,264.74,263.89,268.48
20091102,268.27,263.86,269.46
20091030,274.72,266.85,274.81
20091029,271.23,270.23,275.64
20091028,273.66,268.86,274.72
20091027,275.21,271.81,277
20091026,277.6,275.17,280.54
20091023,277.35,275.32,278.67
20091022,274.72,273.73,277.22
20091021,274.68,274.23,279.4
20091020,275.54,270.08,276.2
20091019,276.07,274.09,276.52
20091016,273.39,271.99,277.1
20091015,266.61,263.37,268.18
20091014,265.96,264.74,267.52
20091013,261.93,260.43,263.47
20091012,261.45,259.4,262.62
20091009,258.07,256.99,260.49
20091008,259.53,256.41,261.36
20091007,249.25,248.66,259.24
20091006,245.6,245.6,249.44
20091005,243.58,241.43,245.97
20091002,241.63,241.06,245.62
20091001,246.25,243.26,247.99
20090930,249.75,243.38,249.82
20090929,249.52,246.26,249.63
20090928,247.17,246.4,250.5
20090925,246.9,245.75,249.72
20090924,249.98,246.25,250.45
20090923,250.14,248.61,253.25
20090922,250.21,248.66,250.74
20090921,243.63,242.87,249.2
20090918,248.14,245.37,248.24
20090917,245.04,243.33,248.44
20090916,239.66,239,244.44
20090915,237.3,236.12,239.22
20090914,235.02,234.79,238.16
20090911,234.96,233.58,236.41
20090910,233.09,230.77,235.23
20090909,229.3,229.17,232.9
20090908,231.91,227.69,233.26
20090904,228.56,227.66,231.07
20090903,227.68,227.27,228.9
20090902,227.68,226.07,228.94
20090901,229.61,226.98,233.18
20090831,229.67,228.77,230.7
20090828,234.4,231.46,235.95
20090827,234.06,230.13,234.06
20090826,236.14,233.12,236.26
20090825,234.33,234.13,236.94
20090824,233.44,231.98,234.81
20090821,232.54,231.09,232.81
20090820,225.77,225.39,230.86
20090819,219.78,219.06,222.28
20090818,222.33,220.94,223.63
20090817,225.52,221.34,225.77
20090814,231.16,228.22,231.36
20090813,230.84,229.23,232.13
20090812,227.48,227.23,230.64
20090811,226.61,225.96,228.39
20090810,227.34,226.67,228.98
20090807,227.61,227.27,229.48
20090806,226.92,224.04,227.21
20090805,227.77,223.72,228.23
20090804,224.46,223.99,226.77
20090803,224.15,223.6,226.72
20090731,224.77,220.99,226.12
20090730,221.08,221.08,225.51
20090729,218.4,215.73,218.68
20090728,220.28,217.83,221.18
20090727,222.8,218.59,223.15
20090724,217.69,217.28,225.02
20090723,214.13,212.54,220.38
20090722,213.79,211.54,214.88
20090721,215.25,212.65,215.73
20090720,214.73,212.91,216.21
20090717,216.28,213.14,217.52
20090716,218.12,216.83,222.65
20090715,214.62,214.03,219.12
20090714,211.64,210.22,213.15
20090713,207.88,207.38,212.05
20090710,204.58,204.15,208.48
20090709,202.86,202.7,207.02
20090708,199.8,198.83,202.8
20090707,203.92,197.79,204.39
20090706,203.05,200.63,205.11
20090702,207.5,203.2,207.5
20090701,211.89,208.87,212.99
20090630,211.79,208.9,213.39
20090629,212.79,210.91,213.69
20090626,206.63,206.35,213.9
20090625,203.3,203.05,207.74
20090624,204.17,203.08,205.91
20090623,203.12,201.07,204.29
20090622,208.27,200.74,208.54
20090619,208.9,207.08,210.02
20090618,207.63,206.29,209.14
20090617,207.89,205.57,209.65
20090616,209.45,207.5,210.33
20090615,210.54,206.79,210.54
20090612,213.22,210.39,213.64
20090611,215.67,213.97,216.65
20090610,217.9,213.12,218.73
20090609,219.07,215.66,220.03
20090608,219.53,216.84,220.24
20090605,222.31,219.51,223.45
20090604,217.43,217.03,220.4
20090603,212.79,211.79,216.02
20090602,212.91,211.49,214.77
20090601,209.16,209.06,214.59
20090529,205.85,205.14,208.41
20090528,204.14,202.1,205.6
20090527,202.62,202.2,205.72
20090526,195.78,194.8,202.3
20090522,198.13,195.8,199.13
20090521,197.95,196.72,201.22
20090520,200.84,197.3,202.63
20090519,197.85,196.3,200.62
20090518,197.17,192.51,198.46
20090515,195.35,194.35,196.86
20090514,194.21,192.15,195.91
20090513,196.85,193.98,198
20090512,204.8,197.36,205.29
20090511,201.2,200.4,205.79
20090508,201.22,197.3,204.86
20090507,201.85,196.05,202.29
20090506,203.19,200.3,203.94
20090505,199.79,198.43,202.3
20090504,198.89,197.2,201
20090501,197.32,195.58,198.6
20090430,197.68,197.2,201.67
20090429,192.79,192.72,197.29
20090428,191.68,190.58,194.33
20090427,191.98,191.18,194.55
20090424,192.83,190.06,196.39
20090423,193.56,190.36,194.68
20090422,190.68,189.32,194.8
20090421,187.9,187.86,191.96
20090420,192.88,187.76,195.13
20090417,192.82,192.21,199.71
20090416,190.56,190.32,196.25
20090415,183.37,181.9,190.34
20090414,188.28,182.62,188.31
20090413,185.48,184.96,189.36
20090409,184.57,182.94,186.99
20090408,181.57,177.93,182.32
20090407,181.12,177.48,181.69
20090406,183.32,180.52,184.73
20090403,182.07,178.82,185.67
20090402,181.47,179.98,184.7
20090401,171.72,170.13,177.44
20090331,174.29,172.92,176.58
20090330,171.1,167.86,171.73
20090327,174.82,172.56,175.82
20090326,176.39,174.08,179.4
20090325,175.02,167.96,175.49
20090324,173.08,171.83,176.74
20090323,166.61,166.35,174.55
20090320,164.98,163.01,166.33
20090319,165.67,163.53,167.83
20090318,167.24,163.86,169.83
20090317,159.93,159.39,167.5
20090316,162.83,159.14,164.7
20090313,162.89,159.36,163.57
20090312,158.61,156.67,162.34
20090311,154.89,152.7,159.84
20090310,148.98,146.98,155.09
20090309,149.84,144.58,153.13
20090306,153.46,146.98,154.94
20090305,158.08,151.17,159.38
20090304,161.42,157.53,164.34
20090303,164.87,161.01,166.68
20090302,166.5,162.84,170.18
20090227,166.31,165.39,171.74
20090226,172.81,168.41,176.07
20090225,170.9,169.29,175.97
20090224,165.34,165.28,174.64
20090223,173.33,164.61,174.73
20090220,168.86,167.33,174.29
20090219,178.56,170.53,179.72
20090218,173.45,170.09,176.51
20090217,173.08,169.68,173.37
20090213,180.91,177.44,181.31
20090212,176.4,175.56,181.63
20090211,179.3,176.32,182.32
20090210,187.8,178.77,188.56
20090209,185.45,183.47,190.31
20090206,178.05,177.54,186.72
20090205,170.28,168.33,177.51
20090204,169.86,169.42,177.04
20090203,171.11,166.75,171.33
20090202,166.98,165.83,172.33
20090130,172.17,167.83,174.23
20090129,172.1,169.88,172.35
20090128,168.82,167.99,175.99
20090127,163.06,161.97,166.77
20090126,162.26,160.12,163.84
20090123,154.48,151.96,165.81
20090122,148.87,147.43,154.52
20090121,144.03,144.03,151.6
20090120,149.42,141.23,149.6
20090116,152.36,147.7,153.97
20090115,148.64,143.25,151.64
20090114,154.84,148.73,156.74
20090113,155.73,155.04,160.14
20090112,158,154.96,159.32
20090109,163.59,156.54,163.59
20090108,158.98,158.51,162.43
20090107,164,159.22,165.29
20090106,166.32,163.03,170.23
20090105,160.34,157.34,165.45
20090102,154.15,152.6,160.75
20081231,151.95,151.15,155.34
20081230,150.25,149.21,153.25
20081229,149.96,145.64,150.54
20081226,151.88,149.01,152.48
20081224,150.59,149.04,153.02
20081223,150.06,148.19,151.5
20081222,154.13,145.17,154.6
20081219,155.34,154.35,158.74
20081218,158.19,154.4,160.01
20081217,159.16,156.05,160.9
20081216,157.1,155.48,164.59
20081215,156.85,152.4,159.09
20081212,147.71,146.85,158.08
20081211,151.93,148.75,156.28
20081210,154.47,152.1,157.29
20081209,148.7,148.36,158.84
20081208,144.85,140.86,154.57
20081205,135.37,131.88,141.98
20081204,138.13,134.25,141.6
20081203,134.79,132.54,140.54
20081202,134.73,131.16,138.75
20081201,143.2,132.86,143.55
20081128,145.14,144,148.08
20081126,140,137.96,147.58
20081125,134.21,133.53,143.19
20081124,134.5,124.38,134.84
20081121,131.12,123.53,134.55
20081120,137.31,129.39,141.33
20081119,147.55,139.15,149.94
20081118,150.63,142.53,151.71
20081117,151.35,148.83,154.92
20081114,151.47,151.13,162.33
20081113,145.74,139.86,156.34
20081112,150.87,143.74,156.09
20081111,154.19,150.11,157.99
20081110,163.84,154.58,164.56
20081107,166.39,162.5,170.4
20081106,169.82,162.74,172.04
20081105,180.89,170.48,184.26
20081104,176.54,172.58,185.99
20081103,178.61,170.54,181.31
20081031,177.9,176.96,185.79
20081030,184.05,179.01,185.81
20081029,182.71,176.01,185.31
20081028,169.36,164.09,184.47
20081027,167.24,162.64,171.33
20081024,163.07,162.21,175.06
20081023,176.65,168.83,178.82
20081022,178.32,171.83,184.66
20081021,186.01,180.82,191.7
20081020,189.69,179.62,190.3
20081017,189.29,181.59,192.81
20081016,166.21,154.57,178.07
20081015,177.15,169.25,179.32
20081014,196.57,178.32,197.05
20081013,177.72,172.7,190.78
20081010,156.42,154.99,170.77
20081009,172.09,160.67,174.11
20081008,164.91,162.89,179.32
20081007,186.48,172.51,187.3
20081006,186.8,178.4,187.81
20081003,198.48,191.34,206.04
20081002,204.69,192.81,204.79
20081001,205.86,201.35,208.28
20080930,197.8,195.96,212.34
20080929,209.55,190.16,211.54
20080926,213.79,210.3,218.36
20080925,219.2,217.77,224.78
20080924,214.95,214.84,222.28
20080923,216.41,212.65,220.17
20080922,226.84,214.29,226.84
20080919,230.27,221.42,230.8
20080918,211.11,205.04,219.37
20080917,219.02,206.51,219.35
20080916,212.77,212.53,224.42
20080915,211.79,211.64,220.76
20080912,214.89,214.29,220.77
20080911,203.97,202.99,217.33
20080910,212.02,204.64,212.03
20080909,211.37,207.29,215.97
20080908,225.78,208.57,226.24
20080905,222.52,219.82,226
20080904,229.77,224.48,231.39
20080903,234.13,229.56,236.91
20080902,238.15,230.48,240.85
20080829,234.64,230.93,235.27
20080828,236.01,234.93,237.99
20080827,236.63,232.19,237.18
20080826,241.49,235.06,241.49
20080825,242.81,240.51,248.25
20080822,245.5,244.5,247.19
20080821,241.22,239.4,244.7
20080820,247.11,241.04,248.1
20080819,244.97,243.07,248.89
20080818,254.67,247.51,254.74
20080815,253.24,252.5,255.07
20080814,248.6,247.9,253.55
20080813,250.55,246.69,251.52
20080812,250.75,248.75,252.81
20080811,245.99,245.64,254.19
20080808,239.83,237.61,247.63
20080807,240.76,237.97,241.76
20080806,238.95,236.02,244.64
20080805,233.56,232.93,239.8
20080804,233.83,230.72,236.27
20080801,236.02,231.02,236.37
20080731,237.04,235.48,240.2
20080730,242.51,236.17,242.77
20080729,239.41,238.76,243.39
20080728,245.8,237.33,245.8
20080725,243,240.51,246.32
20080724,248.1,237.57,248.19
20080723,240.56,238.81,248.37
20080722,233.13,232.57,239.88
20080721,240.2,232.62,241.8
20080718,248.93,238.86,249.24
20080717,266.81,261.99,268.26
20080716,256.76,255.04,267.98
20080715,257.88,250.3,263.49
20080714,269.23,257.47,269.76
20080711,267.98,259.46,269.48
20080710,272.23,265.1,274.48
20080709,275.1,270.09,277.56
20080708,272.72,269.73,277.32
20080707,270.88,267.53,274.23
20080703,265.17,263.49,269.35
20080702,267.99,262.77,269.92
20080701,259.53,258.24,268.09
20080630,265.98,261.27,268.73
20080627,263.58,257.29,264.74
20080626,271.78,263.87,272.19
20080625,272.21,271.56,278.62
20080624,272.3,267.28,275.32
20080623,272.41,270.74,276.3
20080620,278.21,271.98,278.21
20080619,277.4,275.13,281.61
20080618,281.97,279.3,284.21
20080617,287.89,283.91,288.75
20080616,282.97,282.97,289.26
20080613,280.46,280.39,287.56
20080612,274.11,273.17,278.72
20080611,277.84,271.96,278.39
20080610,274.51,273.12,279.13
20080609,283.75,272.43,284.72
20080606,289.59,283.22,290.07
20080605,288.25,287.82,293.73
20080604,282.38,281.99,288.71
20080603,287.96,280.02,289.96
20080602,290.96,285.35,291.65
20080530,291.44,290.36,294.67
20080529,287.11,286.31,292.65
20080528,283.69,280.27,285.46
20080527,272.21,271.65,281.02
20080523,273.21,268.64,276.22
20080522,275.7,269.85,276.83
20080521,288.97,273.67,290.41
20080520,287.03,286.17,290.95
20080519,288.99,286.47,294.15
20080516,290.42,288.87,292.05
20080515,289.21,287.52,291.18
20080514,292.95,287.34,295.3
20080513,292.82,288.99,293.68
20080512,287.09,284.17,293.08
20080509,289.2,285.4,292.2
20080508,292.81,289.17,294.36
20080507,294.84,287.93,299.45
20080506,295.2,291.21,295.7
20080505,299.13,293.27,299.2
20080502,298.95,289.36,300.92
20080501,288.87,288.2,297.17
20080430,280.82,278.96,292.14
20080429,275.14,274.73,281.42
20080428,272.67,269.23,278.13
20080425,274.24,271.09,276.22
20080424,275.37,269.74,276.97
20080423,278.69,270.2,279.38
20080422,268.52,268.51,280.13
20080421,269.43,264.88,271.02
20080418,267.34,262.12,273.58
20080417,227.59,223.04,229.46
20080416,221.98,220.28,228.91
20080415,228.84,221.64,229.63
20080414,228.35,224.85,228.5
20080411,231.8,227.28,233.4
20080410,232.25,230.69,236.7
20080409,234.33,228.54,235.76
20080408,236.28,230.77,236.83
20080407,238.28,236.53,242.48
20080404,228.28,227.87,238.68
20080403,230.63,223.84,231.41
20080402,234.72,229.96,237.63
20080401,223.65,223.21,233.02
20080331,217.6,215.79,221.12
20080328,223.51,216.94,226.56
20080327,222.78,220.02,224.08
20080326,226.07,224.42,231.2
20080325,228.5,222.78,228.51
20080324,219,218.64,232.66
20080320,213.45,208.54,217.63
20080319,220.33,215.62,223.53
20080318,214.28,212.55,220.2
20080317,213.78,205.85,216.64
20080314,221.27,215.09,224.45
20080313,216.12,214.18,223.27
20080312,219.78,218.82,223.72
20080311,212.42,212.11,219.85
20080310,214.2,206.31,215.28
20080307,214.23,212.91,219.78
20080306,223.62,215.37,226.42
20080305,222.4,221.78,226.86
20080304,225.25,217.67,226.45
20080303,235.52,224.83,236.12
20080229,235.7,232.09,239.63
20080228,235.01,233.45,239.31
20080227,229.83,229.59,237.51
20080226,230.37,223.2,233
20080225,252.72,242.63,253
20080222,250.78,248.53,254.25
20080221,256.17,249.5,256.35
20080220,251.5,249.16,255.25
20080219,267.2,253,267.26
20080215,263.89,261.9,266.06
20080214,268.91,265.23,270.25
20080213,260.99,259.09,267.23
20080212,261.43,256.26,265.03
20080211,260,256.44,261.59
20080208,254.45,254.1,258.61
20080207,248.18,247.13,256.84
20080206,255.31,248.72,255.33
20080205,244.47,244.02,254.25
20080204,254.28,246.03,256.13
20080201,264.07,254.74,268.07
20080131,269.24,266.88,286.21
20080130,274.32,271.48,279.93
20080129,279.95,270.06,280.38
20080128,285.2,274.03,285.83
20080125,295.61,282.81,297.2
20080124,279.12,276.79,289.56
20080123,280.07,259.24,283.72
20080122,280.73,280.32,298.45
20080118,303.88,298.93,304.69
20080117,310.07,298.71,312.56
20080116,314.17,300.66,319.68
20080115,322.78,317.37,324.2
20080114,325.24,322.3,328.37
20080111,321.03,314.74,324.41
20080110,322.18,319.73,328.27
20080109,314.7,310.94,326.34
20080108,326.17,315.18,329.65
20080107,326.64,318.36,330.81
20080104,339.51,327.17,340.14
20080103,342.29,337.92,343.08
20080102,346.09,338.53,348.34
20071231,348.94,344.94,350.89
20071228,352.11,347.92,353.62
20071227,353.18,350.02,357.64
20071226,349.15,348.76,356.25
20071224,347.15,346.18,350.01
20071221,348.59,346.27,349.28
20071220,342.57,339.96,345.15
20071219,336.77,334.17,339.41
20071218,336.74,325.92,338.02
20071217,343.66,331.5,347.36
20071214,343.41,343.29,349.5
20071213,347.81,340.26,348.46
20071212,356.64,343.91,356.8
20071211,359.61,349.04,360.14
20071210,357.64,356.64,362.04
20071207,357.14,354.89,358.64
20071206,348.55,348.16,357.92
20071205,346.02,343.41,349.12
20071204,338.82,338.22,345.65
20071203,345.16,340.23,347.15
20071130,355.14,340.71,355.17
20071129,345.03,343.54,351.04
20071128,340.71,335.73,346.8
20071127,337.06,324.8,337.88
20071126,339.8,332.2,346.4
20071123,334.66,333.72,338.8
20071121,321.56,320.72,334.65
20071120,317.92,316.12,329.22
20071119,314.48,308.94,318.07
20071116,316.65,307.7,317.43
20071115,318.97,311.69,323.43
20071114,336.3,317.82,337.41
20071113,322.17,315.72,330.13
20071112,328.54,312.79,334.63
20071109,337.55,330.27,340.6
20071108,366.93,338.25,367.08
20071107,370.19,361.21,373.25
20071106,368.41,362.14,370.52
20071105,353.14,352.68,364.75
20071102,354.9,348.32,356.43
20071101,351.04,350.54,356.5
20071031,349.99,347.67,353.15
20071030,338.42,338.42,349.61
20071029,338.55,335.71,339.66
20071026,336.68,333.7,337.93
20071025,339,331.44,339.15
20071024,336.02,329.45,338.4
20071023,330.29,329.67,338.46
20071022,319.02,317.82,327.17
20071019,326.95,321.29,328.92
20071018,317.39,313.94,320.36
20071017,314.91,310.48,316.68
20071016,308.94,305.69,312.65
20071015,318.92,307.47,319.61
20071012,311.68,308.81,318.88
20071011,316.5,304.2,320.38
20071010,310.37,308.09,312.53
20071009,307.25,303.89,311.58
20071008,297.2,296.68,304.82
20071005,293.26,293.21,297.7
20071004,292.25,288.24,292.25
20071003,292.83,289.89,294.2
20071002,291.4,289.71,298.11
20071001,284.7,284.52,291.88
20070928,283.22,281.78,284.49
20070927,285.58,282.61,285.58
20070926,284.91,281.62,285.61
20070925,281.72,281.15,284.5
20070924,280.22,279.72,285.44
20070921,277.89,276.14,280.11
20070920,273.23,272.74,278.12
20070919,269.37,269.16,274.45
20070918,263,261.87,268.36
20070917,263,261.77,264.38
20070914,261.34,260.85,264.87
20070913,261.77,261.35,263.34
20070912,260,259.24,263.73
20070911,258.24,257.61,260.56
20070910,260.38,255.18,260.77
20070907,258.67,258.14,260.36
20070906,264.42,258.86,264.65
20070905,261.44,260.86,264.48
20070904,257.25,257.05,263.74
20070831,256.29,255.48,257.99
20070830,255.92,255.03,257.44
20070829,253.67,253.36,256.39
20070828,255.51,252.64,257.23
20070827,256.96,255.44,258.47
20070824,256.05,254,257.52
20070823,257.74,253.25,257.81
20070822,254.73,254.37,257.87
20070821,249.22,248.64,253.83
20070820,250.98,247.75,251.03
20070817,248.47,245.58,250.25
20070816,245.76,239.99,247.97
20070815,254.25,248.11,255.59
20070814,257.6,253.75,258.44
20070813,259.51,256.26,259.62
20070810,254.83,252.56,259.1
20070809,260.14,257.06,263.15
20070808,259.41,258.29,262.63
20070807,254.62,254.27,259.68
20070806,251.25,251,254.82
20070803,254.77,251.25,256.34
20070802,256.6,254.25,257.24
20070801,254.99,253.82,258
20070731,259.85,254.74,259.96
20070730,256.2,254.99,259.41
20070727,254.01,252.5,258.05
20070726,254.12,249.19,256.04
20070725,258.23,252.53,258.25
20070724,254.4,253.3,259.09
20070723,259.25,255.82,259.74
20070720,255.69,254.5,261.33
20070719,276.45,270.85,276.48
20070718,276.67,271.63,276.97
20070717,277.24,275.91,278.59
20070716,274.87,274.38,279.01
20070713,273.68,273.35,276.06
20070712,272.66,269.84,273.39
20070711,271.53,269.73,272.98
20070710,271.62,270.55,273.23
20070709,271.23,269.86,274.1
20070706,270.35,269.1,271.66
20070705,267.51,265.81,271.93
20070703,265.26,263.49,266.93
20070702,262.48,261.84,265.66
20070629,262.75,259.47,263.44
20070628,262.18,261.64,264.49
20070627,262.24,259.52,263.73
20070626,266.1,262.86,266.33
20070625,264.23,261.43,267.23
20070622,257.95,257.79,262.23
20070621,255.23,252.89,257.39
20070620,258.22,254.28,259.12
20070619,256.75,255.51,258.37
20070618,252.84,251.87,257.74
20070615,253.84,250.36,254.25
20070614,252.44,250.6,252.69
20070613,253.29,249.1,254.02
20070612,254.1,251.33,255.58
20070611,256.75,254.74,258.87
20070608,257.84,254.48,259.56
20070607,259.62,256,262.99
20070606,258.12,257.37,260.13
20070605,254.62,253.05,259.24
20070604,248.71,248.55,255
20070601,250.25,248.72,252.26
20070531,250.03,248.28,254.14
20070530,242.01,241.26,249.17
20070529,242.26,241.76,245.65
20070525,239.61,238.4,242.23
20070524,237.34,235.51,239.36
20070523,240.17,236.64,241.46
20070522,236.26,236.26,239.27
20070521,234.53,233.13,239.36
20070518,235.78,234.64,236.11
20070517,235.99,235.17,237.37
20070516,230.77,229.28,236.33
20070515,230.75,228.48,231.04
20070514,232.51,229.77,233.52
20070511,230.68,230.27,233.27
20070510,233.29,230.28,234.51
20070509,232.84,231.71,235.63
20070508,232.83,232.13,233.85
20070507,235.83,233,236.17
20070504,234.82,232.71,237.18
20070503,232.88,232.41,236.8
20070502,234.09,232.63,235.3
20070501,235.86,231.85,236.17
20070430,239.34,235.45,240.43
20070427,239.79,238.93,240.96
20070426,238.81,238.32,241.98
20070425,239.76,237.82,240.44
20070424,239.07,237.54,239.75
20070423,239.81,238.89,242.26
20070420,245.01,240.77,246
20070419,237.01,234.56,240.73
20070418,235.39,234.53,239.71
20070417,236.66,235.56,237.96
20070416,233.99,233.84,238.26
20070413,233.99,231.45,234.15
20070412,231.77,230.89,233.77
20070411,232.8,231.07,234.47
20070410,233.31,232.35,235.16
20070409,236.25,232.56,236.26
20070405,235.41,234.58,235.81
20070404,235.83,234.56,236.26
20070403,231.79,231.77,236.89
20070402,228.65,225.83,229.04
20070330,230.82,227.84,231.47
20070329,232.04,227.27,232.77
20070328,230.7,229.84,232.49
20070327,231.54,229.94,232.38
20070326,230.04,227.58,232.27
20070323,230.49,228.31,231.46
20070322,227.58,226.04,230.85
20070321,222.43,222.38,228.06
20070320,222.67,221.58,223.58
20070319,221.4,220.09,224.03
20070316,222.6,219.73,223.13
20070315,223.71,221.75,224.69
20070314,221.39,219.28,224.11
20070313,224.83,221.19,225.74
20070312,226.06,225.33,227.4
20070309,228.77,224.82,228.97
20070308,229.38,226.82,232.52
20070307,231.11,226.92,231.34
20070306,223.51,223.47,229.27
20070305,218.29,218.28,222.53
20070302,222.33,219.12,224.13
20070301,221.11,219.78,225.98
20070228,224.98,221.3,226.61
20070227,227.27,223.36,229.67
20070226,236.18,231.64,237.39
20070223,237.64,233.67,238.24
20070222,239.11,236.96,241.88
20070221,234.69,233.64,239.1
20070220,234,232.12,236.14
20070216,231.17,230.8,234.84
20070215,232.77,230.13,232.83
20070214,229.77,229.38,234.33
20070213,229.35,228.4,231.16
20070212,230.11,227.28,230.96
20070209,235.59,230.52,236.1
20070208,233.79,232.34,236.64
20070207,236.67,234.16,236.94
20070206,233.82,233.4,236.41
20070205,238.51,232.86,238.76
20070202,241.06,238.67,242.26
20070201,252.75,240.52,252.75
20070131,248,247.51,252.25
20070130,246.75,245.36,248.75
20070129,248.75,245,249.13
20070126,245.22,243.27,248.7
20070125,250.25,242.59,252
20070124,241.98,241.4,249.52
20070123,240.15,238.41,242.13
20070122,246,239.01,246.08
20070119,243.75,243.13,245.13
20070118,247.01,243.47,247.99
20070117,251.45,246.94,253.63
20070116,253.52,251.4,256.24
20070112,250.74,249.75,252.25
20070111,248.35,247.84,250.62
20070110,241.97,240.78,246.53
20070109,242.48,240.36,243.88
20070108,243.6,240.86,244.69
20070105,241.01,238.82,243.51
20070104,234.27,233.94,241.73
20070103,232.77,230.32,238.09
20061229,230.82,229.7,232
20061228,233.33,230.89,234.06
20061227,229.77,229.32,233.81
20061226,228.03,227.07,229.51
20061222,228.52,226.14,229.09
20061221,231.86,225.94,232.39
20061220,234.76,230.93,235.51
20061219,230.63,229.02,234.42
20061218,241.01,230.13,241.13
20061215,241.08,239.68,241.81
20061214,239.88,238.39,241.63
20061213,242.1,238.27,242.51
20061212,241.68,239.9,242.94
20061211,242.22,241.66,244.21
20061208,240.73,239.76,244.06
20061207,244.87,240.97,245.65
20061206,243.24,242.02,245.95
20061205,243.46,242.2,244.48
20061204,241.26,239.44,243.47
20061201,242.75,239.01,243.95
20061130,241.85,240.53,244.95
20061129,246.87,240.88,247.12
20061128,240.32,238.28,244.69
20061127,250.43,242.13,250.64
20061124,252,251.7,253.5
20061122,255.23,252.64,256.24
20061121,248.02,247.67,254.74
20061120,248.95,246.08,248.95
20061117,246.38,246.25,249.58
20061116,247.25,246.03,248.59
20061115,246.47,245.72,249.68
20061114,240.11,240.01,244.73
20061113,237.21,236.83,240.34
20061110,236.65,234.91,237.12
20061109,238.01,235.69,239.51
20061108,234.94,234.07,240.63
20061107,238.24,235.65,239.27
20061106,236.65,235.93,239.59
20061103,235.88,232.3,236.64
20061102,233.52,232.96,236.63
20061101,239.14,232.4,239.32
20061031,238.79,236.68,240.84
20061030,237.17,234.77,239.99
20061027,241.71,236.01,242.38
20061026,243.6,241.86,245.73
20061025,238.51,237.32,244.01
20061024,237.9,235.47,238.69
20061023,230.91,229.95,242.08
20061020,229.27,226.57,229.82
20061019,209.9,209.58,227.23
20061018,211.29,208.54,212.16
20061017,209.94,208.14,211.66
20061016,213.64,210.46,214.39
20061013,213.67,212.57,214.54
20061012,214.07,211.79,214.63
20061011,212.3,211.67,214.74
20061010,215.56,210.98,218.71
20061009,212.19,211.5,215.76
20061006,204.9,204.67,210.74
20061005,207.14,205.22,208.91
20061004,202.28,201.32,207.68
20061003,200.44,198.9,203.03
20061002,200.75,200.2,202.8
20060929,202.36,200.5,202.61
20060928,201.84,200.07,203.29
20060927,202.95,200.98,205.4
20060926,202.55,200.68,203.64
20060925,202.59,201.05,204.52
20060922,202.29,200.48,203.52
20060921,199.95,199.73,204.02
20060920,203.35,197.11,203.49
20060919,207.52,196.17,207.54
20060918,204.8,204.53,209.14
20060915,203.54,203.17,204.82
20060914,201.95,200.76,202.94
20060913,197.38,197.35,203.18
20060912,192.31,192.25,196.17
20060911,188.94,188.7,192.15
20060908,188.17,188.17,190.2
20060907,189.51,188.51,190.68
20060906,190.86,189.64,191.4
20060905,189.75,188.53,192.51
20060901,190.31,188.41,190.45
20060831,190.56,188.91,190.88
20060830,189.42,189.07,192.13
20060829,190.2,188.41,190.97
20060828,187.62,187.31,190.28
20060825,186.35,186.06,187.47
20060824,187.03,185.94,188.01
20060823,188.63,186.14,188.95
20060822,188.68,187.23,189.44
20060821,188.86,187.42,189.31
20060818,192.96,190.18,193.35
20060817,193,191.77,194.8
20060816,191.55,190.87,194.03
20060815,186.87,186.11,190.64
20060814,185.56,184.15,187.38
20060811,187.01,183.82,187.45
20060810,186.75,186.04,188.65
20060809,191.7,187.99,192.15
20060808,191.22,189.36,192.06
20060807,185.56,185.39,189.68
20060804,189.59,185.69,190.15
20060803,182.31,181.5,188.77
20060802,187.62,182.42,188.4
20060801,192.36,187.57,192.69
20060731,193.81,191.46,194.39
20060728,190.81,190.67,194.59
20060727,193.49,188.79,193.55
20060726,193.91,191.31,195.76
20060725,192.32,191.71,195.46
20060724,196.21,190.41,196.75
20060721,192.88,188.66,195.68
20060720,201.94,192.64,202.02
20060719,197.31,197.13,200.37
20060718,204.67,198.67,205.08
20060717,202.11,201.66,205.29
20060714,204.96,199.11,205.54
20060713,206.79,203.21,208.96
20060712,210.83,208.16,211.16
20060711,209.04,206.31,212.31
20060710,211.51,207.98,212.4
20060707,212.81,207.73,213.73
20060706,211.48,210.78,212.48
20060705,210.55,207.61,211.19
20060703,209.81,209.52,211.67
20060630,207.59,205.96,209.46
20060629,203.79,202.71,208.89
20060628,201.8,200.36,203.04
20060627,202.65,200.3,203.8
20060626,203.17,201.42,203.95
20060623,201.18,200.17,204.67
20060622,200.59,193.81,202.8
20060621,195.33,194.68,201.8
20060620,193.82,193.06,195.74
20060619,195.23,193.3,197.2
20060616,194.36,193.81,195.27
20060615,193.12,191.31,195.93
20060614,194.72,189.07,195.35
20060613,190.26,188.87,193.31
20060612,193.98,190.31,195.05
20060609,195.9,192.48,197.52
20060608,193.68,189.11,196.94
20060607,196.42,193.06,197.23
20060606,188.1,187.96,194.8
20060605,187.9,186.89,190.53
20060602,192.54,188.54,193.35
20060601,186.58,185.61,191.3
20060531,186.71,183.21,188.94
20060530,188.95,185.54,190.31
20060526,192.08,189.82,192.75
20060525,189.35,185.97,191.31
20060524,188.49,185.62,191.53
20060523,186.92,186.59,191.75
20060522,183.74,182.44,186.33
20060519,186.45,180.1,187.06
20060518,189.2,185.17,190.71
20060517,185.12,184.92,189.73
20060516,187.81,184.76,188.24
20060515,187.78,183.94,189.88
20060512,191.58,186.59,192.24
20060511,201.51,192.3,202.15
20060510,203.95,200.73,205.65
20060509,197.65,196.68,204.3
20060508,197.36,194.83,198.36
20060505,198.6,195.69,200.14
20060504,197.32,195.91,199.24
20060503,197.98,195.24,200.55
20060502,200.34,194.01,201.04
20060501,209.03,199.08,209.51
20060428,209.1,207.94,212.65
20060427,211.24,209.49,213.24
20060426,213.66,211.55,214.8
20060425,219.6,212.79,220.3
20060424,219.48,218.04,222.13
20060421,224.23,217.87,225.13
20060420,205.3,203.9,207.79
20060419,206.08,203.16,206.61
20060418,203.76,200.55,204.71
20060417,201.52,200.22,206.04
20060413,204.11,200.05,204.68
20060412,204.3,202.39,205.46
20060411,208,202.91,209.34
20060410,203.34,202.42,208.38
20060407,206,201.81,206.22
20060406,203.04,202.51,206.74
20060405,203.9,201.21,207.08
20060404,194.76,193.88,202.25
20060403,194.57,193.77,196.04
20060331,194.18,191.82,195.74
20060330,194.4,191.61,196.55
20060329,189.78,189.57,199.3
20060328,185.67,185.4,188.74
20060327,183.36,182.32,185.67
20060324,184.13,181.07,184.86
20060323,171,169.93,172.7
20060322,169.71,168.58,171.88
20060321,174.83,169.37,175.65
20060320,171,170.6,174.87
20060317,169.23,167.3,170.72
20060316,174.13,168.78,174.2
20060315,175.21,170.09,175.97
20060314,168.4,166.14,176.01
20060313,170.29,167.56,172.88
20060310,171.58,165.61,172.08
20060309,177.52,170.58,179.09
20060308,176.79,175.1,179.84
20060307,182.33,178.9,184.04
20060306,190.26,183.39,191.51
20060303,191.96,187.69,193.43
20060302,181.96,180.92,190.36
20060301,184.1,180.47,184.54
20060228,196.4,169.09,198.57
20060227,190.44,189.95,195.65
20060224,188.46,186.56,189.84
20060223,182.62,182.51,190.43
20060222,183.39,181.75,184.29
20060221,183.04,182.37,186.58
20060217,184.75,181.63,185.88
20060216,172.66,172.07,183.32
20060215,170.46,168.75,172.83
20060214,172.49,171.03,175.67
20060213,173.15,170.77,175.12
20060210,180.79,176.39,182.07
20060209,185.41,177.88,187.01
20060208,184.06,177.16,185.16
20060207,191.3,181.49,191.66
20060206,192.46,189.59,194.76
20060203,196.61,186.1,196.75
20060202,201.71,197.79,203.05
20060201,194.32,193.57,200.8
20060131,215.07,211.77,219.58
20060130,214.4,212.29,216.42
20060127,217.28,214.28,218.89
20060126,219.55,211.57,219.78
20060125,225.4,214.4,226.89
20060124,217.8,217.02,222.25
20060123,203.49,202.66,213.98
20060120,219.13,197.17,219.8
20060119,225.36,216.28,226.52
20060118,223.43,221.4,228.45
20060117,231.3,231.03,234.72
20060113,231.92,230.57,233.21
20060112,236.62,230.52,237.26
20060111,235.4,234.36,237.32
20060110,231.98,230.79,234.89
20060109,232.97,230.24,236.46
20060106,228.21,226.39,235.01
20060105,222.78,220.53,225.55
20060104,221.73,219.66,224.26
20060103,211.05,208.9,217.62
20051230,208.43,206.66,208.9
20051229,213.78,209.38,214.15
20051228,211.96,210.42,213.68
20051227,215.71,211.17,215.71
20051223,215.86,214.18,216.03
20051222,215.67,212.75,216.21
20051221,216.56,210.14,218.21
20051220,213.72,212.12,215.88
20051219,215.88,209.84,222.88
20051216,212.46,211.16,216.03
20051215,209.35,208.04,211.36
20051214,208.31,207.54,209.66
20051213,206.04,205.61,208.79
20051212,207.11,204.77,207.4
